<?xml version="1.0" encoding="UTF-8" ?>
<!DOCTYPE mapper PUBLIC "-//mybatis.org//DTD Mapper 3.0//EN" "http://mybatis.org/dtd/mybatis-3-mapper.dtd" >
<mapper namespace="com.jschange.ctr.dao.AccessRecordMapper" >

  <!-- 查询一天中每次点名的开始时间 -->
  <select id="selectStartDateUpdate" parameterType="java.util.Map" resultType="com.jschange.ctr.model.StartTimeVo">
  	select e.eventid id,e.starttime from ctr_event e,ctr_dept d where e.deptid=d.deptid and e.starttime like CONCAT('%',
  	<if test="startDate!=null and startDate!=''">
  		#{startDate}
  	</if>
  	<if test="!(startDate!=null and startDate!='') and recordDate!=null and recordDate!=''">
  		#{recordDate}
  	</if>
  	<if test="!(!(startDate!=null and startDate!='') and recordDate!=null and recordDate!='')">
  		CURDATE()
  	</if>
  	,'%') and d.deptid=#{deptid}
  </select>

  <!-- 分页查询考勤记录信息 -->
  <select id="selectRecordByPageByTeam" parameterType="java.util.Map" resultType="com.jschange.ctr.model.AccessRecord">
  	SELECT DISTINCT i.userid,i.userName,recordtime,stateName,deviceType from ctr_user_info i  
  	left JOIN ctr_access_record r on r.userid = i.userid
  	left join ctr_state s on s.stateid=r.stateid 
  	<where>
  		<if test="recordDate!=null and recordDate!=''">
  			r.recordtime LIKE CONCAT('%',#{recordDate},'%') 
  		</if>
  		AND r.eventid = #{startid} 
  		<if test="deptid!=null and deptid!=''">
  			and i.deptid=#{deptid,jdbcType=INTEGER} 
  		</if>
  		<if test="rollcallname!=null and rollcallname!=''">
  			and i.userName like concat('%',#{rollcallname},'%')
  		</if>
  		<if test="stateid!=null and stateid!='' and stateid!=0">
  			and r.stateid=#{stateid}
  		</if>
  		<if test="recordUserId!=null and recordUserId!=''">
  			and i.userid like concat('%',#{recordUserId},'%')
  		</if>
  		and i.hasdeleted = 0 
  		<if test="stateid==0 or stateid ==null">
  		and r.stateid in (1,4)
  		</if>
  		<if test="stateid==1">
  		and r.stateid in (1) 
  		</if>
  		<if test="stateid==4">
  		and r.stateid in (4) 
  		</if>
  	</where>
	GROUP BY i.userid
  	limit #{offset},#{pageSize} 
  </select>
 
	 <!-- 查询某个大队的人员信息数 -->
<select id="selectAllRowsByReqire" parameterType="java.util.Map" resultType="java.lang.Integer">
 	SELECT count(DISTINCT i.userid) from ctr_user_info i  
  	left JOIN ctr_access_record r on r.userid = i.userid
  	<where>
  		<if test="recordDate!=null and recordDate!=''">
  			r.recordtime LIKE CONCAT('%',#{recordDate},'%') 
  		</if>
  		AND r.eventid = #{startid} 
  		<if test="deptid!=null and deptid!=''">
  			and i.deptid=#{deptid,jdbcType=INTEGER} 
  		</if>
  		<if test="rollcallname!=null and rollcallname!=''">
  			and i.userName like concat('%',#{rollcallname},'%')
  		</if>
  		<if test="stateid!=null and stateid!='' and stateid!=0">
  			and r.stateid=#{stateid}
  		</if>
  		<if test="recordUserId!=null and recordUserId!=''">
  			and i.userid like concat('%',#{recordUserId},'%')
  		</if>
  		and i.hasdeleted = 0 
		<if test="stateid==0 or stateid ==null">
  		and r.stateid in (1,4)
  		</if>
  		<if test="stateid==1">
  		and r.stateid in (1) 
  		</if>
  		<if test="stateid==4">
  		and r.stateid in (4) 
  		</if>
  	</where>
 </select>
 <!-- 导出Excel表格需要的大队中所有人员信息 -->
 <select id="getAllRecordByTeam" parameterType="java.util.Map" resultType="com.jschange.ctr.model.AccessRecord">
		SELECT DISTINCT e.starttime,i.id, i.userid,i.userName, recordtime,s.stateName from  ctr_access_record r
 		left JOIN ctr_user_info i on r.userid = i.userid
  		left join ctr_state s on s.stateid=r.stateid  
		LEFT JOIN ctr_event e ON e.eventid = r.eventid
	<where>
		<if test="deptid!=null and deptid!=''">
  			i.deptid=#{deptid}
  		</if>
  		and r.eventid = #{eventid}
  		and r.stateid in(1,4)
  		and i.hasdeleted = 0
  		
  	</where>
 </select>

 <!-- 开始点名已经点到的人员的信息 -->
 <select id="startRecordInfo" parameterType="java.util.Map" resultType="com.jschange.ctr.model.CouldAttendUsr" >
 			SELECT DISTINCT a.recordtime,r.id,r.userid ,d.deptName,photoUrl,r.userName from ctr_access_record a 
			left join ctr_user_info r on r.userid = a.userid  
			LEFT JOIN ctr_dept d on d.deptid = r.deptid 
		<where>
			<if test="deptid!=null and deptid!='' and deptid!=9">
				r.deptid = #{deptid,jdbcType=INTEGER} 
			</if>
			and a.recordtime &lt;= now() and a.recordtime like concat('%',CURDATE(),'%')
			and a.stateid = 0 and r.hasdeleted = 0 and r.stateid = 1 
		
		</where>
		GROUP BY r.userid order by a.recordtime
 </select>
 <!-- 根据时间将记录状态修改 -->
 <update id="updateRecordByTime" parameterType="int">
	update ctr_access_record set stateid = 5 where recordtime &lt;= NOW() and stateid = 0  
	
	and userid in (  
 		select i.userid   from ctr_user_info i   
	where i.deptid =#{deptid})    
 </update>
 <!-- 传入id数组进行批量修改 -->
 <update id="updateRecordByTeam" parameterType="java.util.Map">
 	update ctr_access_record set stateid = 1 
	<where> 
		userid in 
		<foreach collection="ids1" item="item" index="index" 
  			open="(" separator="," close=")">#{item} 
  		</foreach>
  		and stateid = 0 
 		and recordtime like concat('%',CURDATE(),'%')
	</where>
 </update>
 <!-- 传入id数组进行批量删除 -->
 <delete id="deleteRecordByTeam" parameterType="java.util.Map">
	delete from ctr_access_record 
 	<where> 
		userid in 
		<foreach collection="ids1" item="item" index="index" 
  			open="(" separator="," close=")">#{item} 
  		</foreach>	
	</where>
	and stateid = 0  
 	and recordtime like concat('%',CURDATE(),'%')
 </delete>
 <delete id="deletePauseRecord" parameterType="java.util.Map">
 delete from ctr_access_record 
	where 
 		recordtime &gt;= #{pauseDatetime} and recordtime &lt;= now() and stateid=0 
 		and userid in (select u.userid from ctr_user_info u  where u.deptid =#{deptid} ) 
 	
 </delete>
 <!-- 查询新记录 -->
 <select id="selectNewRecordInfo" parameterType="java.util.Map" resultType="com.jschange.ctr.model.CouldAttendUsr">
 SELECT DISTINCT a.recordtime,r.id,r.userid ,d.deptName,r.photoUrl,r.userName from ctr_access_record a 
 
			left join ctr_user_info r on r.userid = a.userid
			
			LEFT JOIN ctr_dept d on d.deptid = r.deptid   
		<where>
			<if test="deptid!=null and deptid!='' and deptid!=9">
				r.deptid = #{deptid,jdbcType=INTEGER} 
			</if>
			and a.recordtime &lt;= now() and a.recordtime like concat('%',CURDATE(),'%')
			and a.stateid = 0 and r.hasdeleted = 0 and r.stateid = 1 
			and r.userid not in
			<foreach collection="ids1" item="item" index="index" 
  			open="(" separator="," close=")">#{item} 
  			</foreach>
		</where>
		GROUP BY r.userid order by a.id
		limit 0,1
 </select>
 <!-- 点名结束时，查询未到人员信息 -->
 <select id="selectAbsenseName" parameterType="java.util.Map" resultType="com.jschange.ctr.model.CouldAttendUsr">
 	select userid,userName from ctr_user_info a

	where a.userid not in
	<foreach collection="ids1" item="item" index="index" 
  			open="(" separator="," close=")">#{item} 
  	</foreach>
  	
    and hasdeleted = 0 and stateid = 1 and deptid = #{deptid}
 </select>

 <update id="updateCtrEventid" parameterType="java.util.Map">
 	update ctr_access_record set eventid = 
 	(select eventid from ctr_event where deptid= #{deptid} ORDER BY eventid desc limit 0,1) 
 	where userid in 
 	( select userid from ctr_user_info where deptid=#{deptid} )   and eventid = 1 or eventid = 0
 </update>
  <!-- 向记录表中插入缺勤数据 -->
 <insert id="insertAbsenseRecord" parameterType="com.jschange.ctr.model.UserInfo">
 	INSERT INTO `ctr_access_record` (`userid`, `userName`, `recordtime`, `deptid`,  `stateid`,eventid)
VALUES (#{userid},#{userName},NOW(),#{deptid},4,0);
 </insert>
  <!-- 查询缺勤人员的ID -->
 <select id="selectAbesenseId" resultType="String" parameterType="java.util.Map">
  	select r.userid from ctr_user_info r
	<where>
		r.hasdeleted = 0 and r.stateid not in (2,3,5) and r.deptid = #{deptid} 
		and r.userid not in 
 	<foreach collection="ids1" item="item" index="index" 
  			open="(" separator="," close=")">#{item} 
  	</foreach>
  	</where>
 </select>
<!-- 根据人员表编号查询人员信息 -->
<select id="getUserInfo" parameterType="String" resultType="com.jschange.ctr.model.UserInfo">
	SELECT userid,userName,deptid from ctr_user_info where userid=#{userid}
</select>
</mapper>