<?xml version="1.0" encoding="UTF-8" ?>
<!DOCTYPE mapper PUBLIC "-//mybatis.org//DTD Mapper 3.0//EN" "http://mybatis.org/dtd/mybatis-3-mapper.dtd" >
<mapper namespace="com.jschange.ctr.dao.ChangeReviseStateMapper">

	<!-- 查询人员调度状态 -->
	<select id="queryRCUserInfoState" parameterType="java.lang.String" resultType="java.lang.Integer">
		select reviseState from ctr_user_info where      
		userid=#{userid}                        
	</select>   
	<select id="queryRCUserInfoStateById" parameterType="java.lang.String" resultType="java.lang.Integer">
		select reviseState from ctr_user_info where      
		id=#{id}                        
	</select>                       

	<!-- 查询该人员调队前部门 -->
	<select id="queryOldDept" parameterType="java.lang.String" resultType="java.lang.String">
		SELECT            
			deptid                             
		FROM                
			ctr_user_info               
		WHERE             
			userid =#{userid}                            
	</select>
	<!-- 修改人员状态和驳回理由 -->
	<update id="updateRCUserInfoState" parameterType="java.util.Map">
		UPDATE ctr_user_info                                 
		SET reviseState = #{reviseState},                                 
			receiveTime=now()                      
		<if test=" null !=note and note.length()>0"> <!-- 驳回 -->
			, note = #{note}                              
		</if>
		<if test="null != deptId">  <!-- 接收 -->
			,deptid=#{deptId}  
		</if>
		<if test="null != oldDept">  <!-- 接收 -->
			,oldDept=#{oldDept}    
		</if>

		WHERE             
			userid=#{userid}       
	</update>
	
	<!-- 对指静脉实际采集数量和占用数量进行修改 -->
	<update id="updateFingerNum" parameterType="java.util.Map">
		UPDATE ctr_fingerdrivice
		SET OccupyNum = OccupyNum - 1   <!-- 驳回，实际数量不增加，占用数量减1 -->
		 <if test="reviseState == 2">   <!-- 接收，实际数量加1，占用数量减1 -->
		 	 , CollectedNum = CollectedNum + 1
		 </if>
		WHERE
			id = #{fingerDeviceidNo}
	</update>
	
	<!-- 部门调度按钮（将人员状态改为调队中、接收部门改为即将要去的部门） -->
	<update id="readyChangeDept" parameterType="java.util.Map">
		UPDATE ctr_user_info          
		SET reviseState = #{reviseState},                 
		 receiveDeptId = #{receiveDeptId},
		
		 reviseTime=now()
		WHERE                             
			id IN                                   
		<foreach collection="array" close=")" item="id" open="(" separator=",">
			 #{id}                              
		</foreach>
	</update>
	<!-- 查询含有指静脉数据的人数 -->
	<select id="countPersonNum" parameterType="java.util.Map" resultType="java.lang.Integer">
		select count(digitalVein) from ctr_user_info 
		WHERE                             
			id IN                                   
		<foreach collection="array" close=")" item="id" open="(" separator=",">
			 #{id}                              
		</foreach>
	</select>
	<!-- 占位指静脉录入人员数量 -->
	<update id="occupyFingerNum" parameterType="java.util.Map">
		update ctr_fingerdrivice set OccupyNum=#{count} where ID=#{fingerDevID}
	</update>
	<!-- 将原来设备的已经使用量-1 -->
	<update id="changeCollectedNum" parameterType="java.lang.Integer">
		UPDATE ctr_fingerdrivice
		SET CollectedNum = CollectedNum - 1
		WHERE
			id = #{fingerDevID}
	</update>
	
	
	<!-- 人员撤回 -->
	<update id="recallChangeDeptUser" parameterType="java.util.Map">
		UPDATE ctr_user_info         
		SET reviseState = null ,             
			receiveDeptId = null ,     
			receivefingerDeviceid = null                
		WHERE userid = #{id}             
	</update>
	
	<!-- 查询掌静脉调度的设备状态是否在线 -->
	<select id="checkStatusforfingerdrivice" parameterType="java.lang.String" resultType="java.lang.Integer">
		SELECT
			f.`Status`
		FROM
			ctr_fingerdrivice f
		WHERE
			id = (
				SELECT
					receivefingerDeviceid
				FROM
					ctr_user_info
				WHERE
					userid = #{userid}
			)
	</select>
	<!-- 查询调队人员是不是已经被删除 -->
	<select id="queryIsDel" parameterType="java.lang.String" resultType="java.lang.Integer">
		select hasdeleted from ctr_user_info where      
		id=#{id}
	</select>
	
</mapper>