<?xml version="1.0" encoding="UTF-8" ?>
<!DOCTYPE mapper PUBLIC "-//mybatis.org//DTD Mapper 3.0//EN" "http://mybatis.org/dtd/mybatis-3-mapper.dtd" >
<mapper namespace="com.jschange.ctr.dao.DepartmentMapper">

	<!-- 查询部门 -->
	<select id="queryDeptList" resultType="com.jschange.ctr.model.Department" parameterType="java.util.Map"> 
		SELECT
			d.deptid,
			d.deptName,
			d.superid,
			d.createtime,
			d.modifytime,
			c.deptName AS superDeptName
		FROM
			ctr_dept d
		LEFT JOIN ctr_dept c ON d.superid = c.deptid
		
		<where>
			<if test="deptid != null">
				and d.deptid = #{deptid}
			</if>
			<if test="deptName != null and deptName.length()>0">
				and d.deptName like  concat('%',#{deptName},'%' )
			</if>
			<if test="createtime != null and createtime.length()>0">
				and d.createtime like  concat('%',#{createtime},'%' )
			</if>
			<if test="modifytime != null and modifytime.length()>0">
				and d.modifytime like  concat('%',#{modifytime},'%' )
			</if>
			<if test="superDeptName != null and superDeptName.length()>0">
				and c.deptName like  concat('%',#{superDeptName},'%' )
			</if>
		</where>	
			order by d.deptid desc
				<if test="page != null and rows != null ">
					limit #{page},#{rows}	
				</if>
	</select>
	<!-- 查询部门条数 -->
	<select id="queryDeptNum" parameterType="java.util.Map" resultType="java.lang.Integer">
		SELECT
			count(1)
		FROM
			ctr_dept d
		LEFT JOIN ctr_dept c ON d.superid = c.deptid
		<where>
			<if test="deptid != null">
				and d.deptid = #{deptid}
			</if>
			<if test="deptName != null and deptName != ''">
				and d.deptName like  concat('%',#{deptName},'%' )
			</if>
			<if test="createtime != null and createtime != ''">
				and d.createtime like  concat('%',#{createtime},'%' )
			</if>
			<if test="modifytime != null and modifytime != ''">
				and d.modifytime like  concat('%',#{modifytime},'%' )
			</if>
			<if test="superDeptName != null and superDeptName != ''">
				and c.deptName like  concat('%',#{superDeptName},'%' )
			</if>
		</where>	
	
	</select>
	
	<update id="updateDept" parameterType="com.jschange.ctr.model.Department">
		UPDATE ctr_dept
		SET deptName = #{deptName},
		<if test="superid!=null">
			superid = #{superid},
		</if>
		 modifytime = NOW()
		WHERE
			deptid = #{deptid}
	</update>
	
	<insert id="insertDept" parameterType="com.jschange.ctr.model.Department">
		insert into ctr_dept values (0,#{deptName},#{superid},NOW(),NOW())
	</insert>	
	
	<delete id="delDept" parameterType="java.lang.Integer">
		DELETE from  ctr_dept where deptid=#{deptid}
	</delete>
	
	<!-- 检查部门名称是否重复 -->
	<select id="checkDeptName" parameterType="com.jschange.ctr.model.Department" resultType="java.lang.Integer">
		SELECT count(deptName) from ctr_dept where deptName=#{deptName} 
		<if test="deptid != null">
			AND deptid != #{deptid}
		</if>
	</select>
	<!-- 查询当前部门是否为其他部门的上级部门 是的话不可删除 -->
	<select id="queryDeptInUse" parameterType="java.lang.Integer" resultType="java.lang.Integer">
		select count(superid) from ctr_dept where superid=#{deptid}
	</select>
	<!-- 查询当前部门是否有有人员-->
	<select id="queryDeptInUseForUser" parameterType="java.lang.Integer" resultType="java.lang.Integer">
		select count(deptid) from ctr_user_info where deptid=#{deptid}
	</select>
	<!-- 查询该部门是否有系统用户 -->
	<select id="queryDeptInUseForSystemUser" parameterType="java.lang.Integer" resultType="java.lang.Integer">
		select count(deptid) from ctr_system_user where deptid=#{deptid}
	</select>

</mapper>