<?xml version="1.0" encoding="UTF-8" ?>
<!DOCTYPE mapper PUBLIC "-//mybatis.org//DTD Mapper 3.0//EN" "http://mybatis.org/dtd/mybatis-3-mapper.dtd" >
<mapper namespace="com.jschange.ctr.dao.DeviceDao" >
  <select id="queryDeviceCount" parameterType="java.util.Map" resultType="java.lang.Integer">
  	select count(1) from ctr_device d
  	
	LEFT JOIN ctr_area a on a.areaid = d.areaid
  	<where>
  	<if test="deviceIP !=null and deviceIP!=''">
  	 and d.deviceIP like concat('%',#{deviceIP},'%')  
  	 </if>
  	 <if test="deviceName !=null and deviceName!=''">
  	 and deviceName like concat('%',#{deviceName},'%')
  	 </if>
  	 </where>
  </select>
  <select id="queryDeviceByPage" parameterType="java.util.Map" resultType="com.jschange.ctr.model.Device">
  	SELECT deviceid,deviceName,deviceType,deviceIP,devicePort,subnetmask,gateway,`password`,zoneid,standbyServerIP,webserverIP,d.createtime,d.modifytime,a.areaName,applicationModel,functionDescription
  	from ctr_device d
  	
	LEFT JOIN ctr_area a on a.areaid = d.areaid
  	<where>
  	<if test="deviceIP !=null and deviceIP!=''">
  	 and d.deviceIP like concat('%',#{deviceIP},'%')  
  	 </if>
  	 <if test="deviceName !=null and deviceName!=''">
  	 and deviceName like concat('%',#{deviceName},'%')
  	 </if>
  	 </where>
  	 limit #{offset},#{pageSize}
  </select>

  <!-- 增加终端 -->
  <insert id="insertDevice" parameterType="com.jschange.ctr.model.Device">
  INSERT INTO `ctr_device` (
	`deviceid`,
	`deviceName`,
	`deviceType`,
	`pattern`,
	`deviceIP`,
	`devicePort`,
	`subnetmask`,
	`gateway`,
	`password`,
	`serverid`,
	`zoneid`,
	`standbyServerIP`,
	`webserverIP`,
	`createtime`,
	`modifytime`,
	`areaid`,
	`applicationModel`,
	`functionDescription`,
	operatorType,
	operatorResult,
	`Spare3`,
	`Spare4`,
	`Spare5`
	)
	VALUES
	(
		#{deviceid},
		#{deviceName},
		#{deviceType},
		#{pattern},
		#{deviceIP},
		#{devicePort},
		#{subnetmask},
		#{gateway},
		#{password},
		#{serverid},
		#{zoneid},
		#{standbyServerIP},
		#{webserverIP},
		NOW(),
		NOW(),
		#{areaid},
		#{applicationModel},
		#{functionDescription},
		'添加设备',
		'操作成功',
		NULL,
		NULL,
		NULL
	);
  </insert>

  <delete id="deleteDeviceByIds" parameterType="java.util.Map">
  delete from ctr_device 
  <where>
  	deviceid in
  	<foreach collection="id" item="item" open="(" separator="," close=")" index="index">
 	 #{item}
  	</foreach>
  </where>
  </delete>
  <select id="queryDeviceById" parameterType="java.util.Map" resultType="com.jschange.ctr.model.Device">
  		SELECT deviceid,deviceName,deviceType,d.areaid,pattern,deviceIP,devicePort,subnetmask,gateway,`password`,zoneid,standbyServerIP,webserverIP,d.createtime,d.modifytime,a.areaName,applicationModel,functionDescription
  	from ctr_device d
  	
	LEFT JOIN ctr_area a on a.areaid = d.areaid
	
  	<where>
  		deviceid = #{id}
  	 </where>
  </select>
	<!-- 修改终端信息 -->
	<update id="updateDevice" parameterType="com.jschange.ctr.model.Device" >
	UPDATE ctr_device set deviceid=#{deviceid},deviceName=#{deviceName},deviceType=#{deviceType},pattern=#{pattern},
	deviceIP=#{deviceIP},devicePort=#{devicePort},subnetmask=#{subnetmask},gateway=#{gateway},
	password=#{password},serverid=#{serverid},zoneid=#{zoneid},standbyServerIP=#{standbyServerIP},
	webserverIP=#{webserverIP},modifytime=now(),areaid=#{areaid},applicationModel=#{applicationModel},
	functionDescription=#{functionDescription},operatorType='修改设备',operatorResult='操作成功'  where deviceid=#{id}
	</update>
	<!-- 获取应用模式列表 -->
	<select id="queryApplicationModel" resultType="com.jschange.ctr.model.ApplicationModel">
	select applicationModel,applicationModelName from ctr_applicationModel
	</select>
	<!-- 检查终端IP是否已存在 -->
	<select id="check" parameterType="com.jschange.ctr.model.Device" resultType="int">
	SELECT count(1) from ctr_device where deviceIP=#{deviceIP} 
	<if test="deviceid !='' and deviceid >0">
			<![CDATA[
            and deviceid <>#{id}
               ]]>
		</if>
	
	</select>
	<!-- 获取终端状态列表总数 -->
	<select id="queryDeviceStateCount" parameterType="java.util.Map" resultType="int">
	select count(1) from ctr_device 
	<where>
		<if test="deviceName != null and deviceName !=''">
		and deviceName  like concat('%',#{deviceName},'%')
		</if>
		<if test="deviceIP != null and deviceIP !=''">
		and deviceIP  like concat('%',#{deviceIP},'%')
		</if>
	</where>	
	</select>
	<!-- 获取终端状态列表 -->
	<select id="queryDeviceState" parameterType="java.util.Map" resultType="com.jschange.ctr.model.Device">
	select deviceid,deviceName,deviceType,deviceIP,operatorType,operatorResult,modifytime,connectionStatus 
	from ctr_device 
	<where>
		<if test="deviceName != null and deviceName !=''">
		and deviceName  like concat('%',#{deviceName},'%')
		</if>
		<if test="deviceIP != null and deviceIP !=''">
		and deviceIP  like concat('%',#{deviceIP},'%')
		</if>
	</where>
	ORDER BY deviceid 
	 limit #{page},#{rows}  
	</select>
	<!-- 根据比对服务器id查询IP -->
	<select id="getWebIP" parameterType="int" resultType="java.lang.String">
	SELECT serverIP from ctr_server where serverid=#{serverid}
	</select>
	<!-- 根据终端id查询终端原有信息 -->
	<select id="getDevice" parameterType="long" resultType="com.jschange.ctr.model.Device">
	select deviceIP,devicePort,deviceid,deviceType,pattern,`password` 
	from ctr_device where deviceid=#{id}
	</select>
	<!-- 修改操作类型 -->
	<update id="operatorRecord" parameterType="java.util.Map">
		update ctr_device set operatorType = #{OperatorType},operatorResult = #{OperatorResult},modifytime = NOW() where deviceid = #{id}
	</update>
</mapper>