<?xml version="1.0" encoding="UTF-8" ?>
<!DOCTYPE mapper PUBLIC "-//mybatis.org//DTD Mapper 3.0//EN" "http://mybatis.org/dtd/mybatis-3-mapper.dtd" >
<mapper namespace="com.jschange.ctr.dao.DropUserMapper" >

<!-- 查询人员调队-离队人员 列表-->
<select id="queryDropUserList" parameterType="java.util.Map" resultType="com.jschange.ctr.model.UserInfo">
	SELECT
		i.id,
		i.userid,
		i.userName,
		i.deptid,
		dept.deptName as oldDeptName,
		i.photoUrl,
		i.reviseState,
		i.reviseTime,
		i.receiveTime,
		i.receiveDeptId AS receiveDeptId,
		dept2.deptName as receiveDeptName,
		i.note
	FROM 
		ctr_user_info i
		LEFT JOIN ctr_dept dept ON i.deptid = dept.deptid
		LEFT JOIN ctr_dept dept2 ON i.receiveDeptId = dept2.deptid
	<where>
		<if test="reviseState ==0">
			and reviseState > 0 AND (i.oldDept=#{deptid} or i.deptid=#{deptid}) and i.hasdeleted = 0
		</if>
		<if test="reviseState ==1">
			AND reviseState=1 AND i.deptid=#{deptid} and i.hasdeleted = 0
		</if>
		<if test="reviseState==2">
			AND reviseState=2 AND i.oldDept=#{deptid} and i.hasdeleted = 0
		</if>
		<if test="reviseState==3">
			AND reviseState=3 AND i.deptid=#{deptid} and i.hasdeleted = 0
		</if>
		<if test="userid !=null and userid !=''">
			and i.userid like concat('%',#{userid},'%' )
		</if>
		<if test="userName != null and userName != ''">
			and i.userName like concat('%',#{userName},'%')
		</if>
		<if test="reviseTime != null and reviseTime != ''">
			and i.reviseTime like concat('%',#{reviseTime},'%')
		</if>
	</where>
	ORDER BY  i.id desc
	limit ${page},${rows}
</select>
<!--查询人员调队-离队人员总数  -->
<select id="queryDropUserCount" parameterType="java.util.Map" resultType="int">
	SELECT
		count(1)
	FROM 
		ctr_user_info i
		LEFT JOIN ctr_dept dept ON i.deptid = dept.deptid
		LEFT JOIN ctr_dept dept2 ON i.receiveDeptId = dept2.deptid
	<where>
		<if test="reviseState ==0">
			and reviseState > 0 AND (i.oldDept=#{deptid} or i.deptid=#{deptid}) and i.hasdeleted = 0
		</if>
		<if test="reviseState ==1">
			AND reviseState=1 AND i.deptid=#{deptid} and i.hasdeleted = 0
		</if>
		<if test="reviseState==2">
			AND reviseState=2 AND i.oldDept=#{deptid} and i.hasdeleted = 0
		</if>
		<if test="reviseState==3">
			AND reviseState=3 AND i.deptid=#{deptid} and i.hasdeleted = 0
		</if>
		<if test="userid !=null">
			and i.userid like concat('%',#{userid},'%' )
		</if>
		<if test="userName != null and userName != ''">
			and i.userName like concat('%',#{userName},'%')
		</if>
		<if test="reviseTime != null and reviseTime != ''">
			and i.reviseTime like concat('%',#{reviseTime},'%')
		</if>
	</where>
</select>

<!-- 查询人员调队-接收人员 列表reviseState ==2表示已经接收那么原部门就是olddept 否则就是现在部门deptid-->
<select id="queryReceiveUserList" parameterType="java.util.Map" resultType="com.jschange.ctr.model.UserInfo">
	SELECT
		i.id,
		i.userid,
		i.userName,
		i.gender,
		i.photoUrl,	
	<if test="reviseState ==2 ">
		i.oldDept,
		d1.deptName AS oldDeptName,
	</if>
	<if test="reviseState !=2 ">
		i.deptid,
		d.deptName AS oldDeptName,
	</if>	
		i.reviseState,
		i.receiveDeptId,
		d2.deptName AS receiveDeptName,
		i.reviseTime,
		i.note
	FROM
		ctr_user_info i
	<if test="reviseState ==2 ">
	LEFT JOIN ctr_dept d1 ON d1.deptid = oldDept
	</if>
	<if test="reviseState !=2 ">
	LEFT JOIN ctr_dept d ON d.deptid = i.deptid
	</if>
	LEFT JOIN ctr_dept d2 ON d2.deptid = receiveDeptId
	WHERE
		i.hasdeleted = 0
		and i.reviseState>0
	<if test="deptid !=null ">
		AND i.receiveDeptId = #{deptid}
	</if>
	<if test="userName !=null and userName !=''">
		and i.userName like concat('%',#{userName},'%')
	</if>
	<if test="userid !=null">
		and i.userid like concat('%',#{userid},'%')
	</if>
	<if test="receiveTime !=null and reviseTime !='' ">
		and i.receiveTime like concat('%', #{receiveTime},'%')
	</if>
	<if test="reviseState !=null">
		and i.reviseState=#{reviseState} 
	</if>
	ORDER BY  i.id desc
	<if test="page !=null and rows !=null">
		limit #{page},#{rows}
	</if>
</select>

<select id="countReceiveUserList" parameterType="java.util.Map" resultType="java.lang.Integer">
	SELECT
		count(1)
	FROM
		ctr_user_info i
	<if test="reviseState ==2 ">
	LEFT JOIN ctr_dept d1 ON d1.deptid = oldDept
	</if>
	<if test="reviseState !=2 ">
	LEFT JOIN ctr_dept d ON d.deptid = i.deptid
	</if>
	LEFT JOIN ctr_dept d2 ON d2.deptid = receiveDeptId
	WHERE
		i.hasdeleted = 0
		and i.reviseState>0
	<if test="deptid !=null ">
		AND i.receiveDeptId = #{deptid}
	</if>
	<if test="userName !=null and userName !=''">
		and i.userName like concat('%',#{userName},'%')
	</if>
	<if test="userid !=null">
		and i.userid like concat('%',#{userid},'%')
	</if>
	<if test="receiveTime !=null and reviseTime !='' ">
		and i.receiveTime like concat('%', #{receiveTime},'%')
	</if>
	<if test="reviseState !=null">
		and i.reviseState=#{reviseState} 
	</if>
</select>
	

</mapper>