<?xml version="1.0" encoding="UTF-8" ?>
<!DOCTYPE mapper PUBLIC "-//mybatis.org//DTD Mapper 3.0//EN" "http://mybatis.org/dtd/mybatis-3-mapper.dtd" >
<mapper namespace="com.jschange.ctr.dao.FingerDriviceMapper" >
<!--根据条件获取设备列表  -->
  <select id="queryDriviceList" resultType="com.jschange.ctr.model.FingerDrivice" parameterType="java.util.Map">
		  SELECT
			finger.ID,
			finger.CreateDate,
			finger.CreateID,
			finger.ModifyDate,
			finger.ModifyID,
			finger.IsDeleted,
			finger.DriviceName,
			finger.DriviceNo,
			finger.ServiceID,
			ser.serverIP AS seriviceIP,
			finger.WiFiID,
			wifi.WiFiName AS wifiName,
			wifi.WiFiPassWord AS WiFiPassWord,
			finger. STATUS,
			finger.DriviceState,
			finger.MemoInfo,
			finger.DriviceID,
			finger.OwnerID,
			sysuser.userName AS ownerName,
			finger.areaID,
			dept.deptName AS areaName,
			finger.DriviceType,
			finger.WorkingStation,
			finger.CollectedNum,
			finger.OccupyNum
		FROM
			ctr_fingerdrivice finger
		LEFT JOIN ctr_system_user sysuser ON finger.OwnerID = sysuser.id
		LEFT JOIN ctr_server ser ON finger.ServiceID = ser.serverid
		LEFT JOIN ctr_wifi wifi ON finger.WiFiID = wifi.ID
		LEFT JOIN ctr_dept dept ON finger.areaID = dept.deptid
		WHERE
			finger.IsDeleted = 0
			<if test="driviceID !=null">
			and finger.DriviceID like CONCAT('%',#{driviceID},'%')
			</if>
			<if test="driviceName !=null and driviceName !=''">
			and finger.DriviceName like CONCAT('%',#{driviceName},'%')
			</if>
			<if test="serverIP !=null and serverIP !=''">
			and ser.serverIP like CONCAT('%',#{seriviceIP},'%')
			</if>
			<if test="wifiName !=null and wifiName !=''">
			and wifi.WiFiName like CONCAT('%',#{wifiName},'%')
			</if>
			<if test="status !=null">
			and finger.Status =#{status}
			</if>
			<if test="driviceState !=null">
			and finger.DriviceState =#{driviceState}
			</if>
			<if test="ownerName !=null and ownerName !=''">
			and sysuser.userName like CONCAT('%',#{ownerName},'%')
			</if>
			<if test="areaID !=null">
			and dept.deptid=#{areaID}
			</if>
			<if test="workingStation !=null and workingStation !=''">
			and finger.WorkingStation like CONCAT('%',#{workingStation},'%')
			</if>
			<if test="ownerID !=null">
			and finger.OwnerID=#{ownerID}
			</if>
			
			ORDER BY finger.ID asc
			limit #{page},#{rows}
  	
  </select>
  <!--根据条件获取设备数量  -->
  <select id="queryDriviceCount" resultType="Integer" parameterType="java.util.Map">
  	SELECT
			count(1)
		FROM
			ctr_fingerdrivice finger
		LEFT JOIN ctr_system_user sysuser ON finger.OwnerID = sysuser.id
		LEFT JOIN ctr_server ser ON finger.ServiceID = ser.serverid
		LEFT JOIN ctr_wifi wifi ON finger.WiFiID = wifi.ID
		LEFT JOIN ctr_dept dept ON finger.areaID = dept.deptid
		WHERE
			finger.IsDeleted = 0
			<if test="driviceID !=null">
			and finger.DriviceID like CONCAT('%',#{driviceID},'%')
			</if>
			<if test="driviceName !=null and driviceName !=''">
			and finger.DriviceName like CONCAT('%',#{driviceName},'%')
			</if>
			<if test="serverIP !=null and serverIP !=''">
			and ser.serverIP like CONCAT('%',#{seriviceIP},'%')
			</if>
			<if test="wifiName !=null and wifiName !=''">
			and wifi.WiFiName like CONCAT('%',#{wifiName},'%')
			</if>
			<if test="status !=null">
			and finger.Status =#{status}
			</if>
			<if test="driviceState !=null">
			and finger.DriviceState =#{driviceState}
			</if>
			<if test="ownerName !=null and ownerName !=''">
			and sysuser.userName like CONCAT('%',#{ownerName},'%')
			</if>
			<if test="areaID !=null">
			and dept.deptid=#{areaID}
			</if>
			<if test="workingStation !=null and workingStation !=''">
			and finger.WorkingStation like CONCAT('%',#{workingStation},'%')
			</if>
			<if test="ownerID !=null">
			and finger.OwnerID=#{ownerID}
			</if>
  </select>
  <!-- 根据id获取设备信息 -->
 <select id="queryDriviceById" parameterType="Integer" resultType="com.jschange.ctr.model.FingerDrivice">
 	 SELECT
			finger.ID,
			finger.CreateDate,
			finger.CreateID,
			finger.ModifyDate,
			finger.ModifyID,
			finger.IsDeleted,
			finger.DriviceName,
			finger.DriviceNo,
			finger.ServiceID,
			ser.serverIP AS seriviceIP,
			finger.WiFiID,
			wifi.WiFiName AS wifiName,
			wifi.WiFiPassWord AS WiFiPassWord,
			finger. STATUS,
			finger.DriviceState,
			finger.MemoInfo,
			finger.DriviceID,
			finger.OwnerID,
			sysuser.userName AS ownerName,
			finger.areaID,
			dept.deptName AS areaName,
			finger.DriviceType,
			finger.WorkingStation,
			finger.CollectedNum,
			finger.OccupyNum
		FROM
			ctr_fingerdrivice finger
		LEFT JOIN ctr_system_user sysuser ON finger.OwnerID = sysuser.id
		LEFT JOIN ctr_server ser ON finger.ServiceID = ser.serverid
		LEFT JOIN ctr_wifi wifi ON finger.WiFiID = wifi.ID
		LEFT JOIN ctr_dept dept ON finger.areaID = dept.deptid
		WHERE
			finger.IsDeleted = 0
		AND finger.id=#{mesID}
 </select>
 <!-- 手动修改设备的信息 -->
 <update id="updateDrivice" parameterType="com.jschange.ctr.model.FingerDrivice">
 	update ctr_fingerdrivice 
	<set>
	
		ModifyDate=NOW(),
		<if test="modifyID !=null">
			ModifyID=#{modifyID},
		</if>
		<if test="driviceName !=null and driviceName !=''">
			DriviceName=#{driviceName},
		</if>
		<if test="driviceNo !=null and driviceNo !=''">
		DriviceNo=#{driviceNo},
		</if>
		<if test="serviceID !=null">
		ServiceID=#{serviceID},
		</if>
		<if test="wifiID !=null">
		WiFiID=#{wifiID},
		</if>
		<if test="status !=null">
		Status=#{status},
		</if>
		<if test="driviceState !=null">
		DriviceState=#{driviceState},
		</if>
		<if test="memoInfo !=null and memoInfo !=''">
		MemoInfo=#{memoInfo},
		</if>
		<if test="driviceID !=null">
		DriviceID=#{driviceID},
		</if>
		<if test="ownerID !=null">
		OwnerID=#{ownerID},
		</if>
		<if test="areaID !=null">
		areaID=#{areaID},
		</if>
		<if test="driviceType !=null">
		DriviceType=#{driviceType},
		</if>
		<if test="workingStation !=null and workingStation !=''">
		WorkingStation=#{workingStation}
		</if>
		<if test="collectedNum !=null and collectedNum !=''">
		CollectedNum=#{collectedNum}
		</if>
	</set>
	where IsDeleted=0 and id=#{id}

 </update>
 
 <!-- 检查设备编号是否重复 -->
  <select id="chenckDriviceID" parameterType="com.jschange.ctr.model.FingerDrivice" resultType="Integer">
  	select count(1) from ctr_fingerdrivice where IsDeleted=0 and DriviceID=#{driviceID}
  	<if test="id !=null and id !=''">
  	  and id !=#{id}
  	</if>
  
  </select>
  
  <!--  -->
  <insert id="insertDrivice" parameterType="com.jschange.ctr.model.FingerDrivice">
		  	INSERT INTO ctr_fingerdrivice (
			CreateDate,
			CreateID,
			IsDeleted,
			DriviceName,
			DriviceNo,
			ServiceID,
			WiFiID,
			Status,
			DriviceState,
			MemoInfo,
			DriviceID,
			OwnerID,
			AreaID,
			DriviceType,
			WorkingStation,
			CollectedNum
		)
		VALUES
			(
				NOW(),
				#{createID},
				0,
				#{driviceName},
				#{driviceNo},
				#{serviceID},
				#{wifiID},
				#{status},
				#{driviceState},
				#{memoInfo},
				#{driviceID},
				#{ownerID},
				#{areaID},
				#{driviceType},
				#{workingStation},
				0
			)
  </insert>
  
  <!-- 删除设备信息（物理删除） -->
  <delete id="deleteDrivice"  parameterType="Integer">
  	DELETE from ctr_fingerdrivice where ID=#{id}
  </delete>
  
  <!--//查询可用设备，map中可存放查询参数：ownerID：持有人id，areaID：监区id，driviceType:设备类型0固定版1移动版  -->
  <select id="queryDriviceListCanBeUsed" resultType="com.jschange.ctr.model.FingerDrivice" >
		SELECT
			ID,
			DriviceName,
			DriviceNo,
			ServiceID,
			WiFiID,
			STATUS,
			DriviceState,
			MemoInfo,
			DriviceID,
			OwnerID,
			AreaID,
			DriviceType,
			WorkingStation,
			CollectedNum,
			OccupyNum
		FROM
			ctr_fingerdrivice
		WHERE
			IsDeleted = 0
		AND STATUS = 0
		AND DriviceState = 0
		<if test="areaID !=null">
			AND AreaID = #{areaID}
		</if>
		<if test="driviceType !=null">
			AND DriviceType = #{driviceType}
		</if>
		<if test="totalNum !=null">
			AND (CollectedNum+OccupyNum) &lt; #{totalNum}
		</if>
		  	
  </select>
  
  
  <!-- 查询区域部门信息 -->
  <select id="deptList" resultType="com.jschange.ctr.model.Department">
  	SELECT
		deptid,
		deptName,
		superid,
		createtime,
		modifytime
	FROM
		ctr_dept
  </select>
  
  <!-- 根据wifiID查询WiFi信息 -->
  <select id="queryWifiInfoByWifiID" parameterType="Integer" resultType="com.jschange.ctr.model.WiFiDriviceModel">
  	SELECT
			ID,
			WiFiNo,
			WiFiName,
			WiFiPassWord,
			Status,
			MemoInfo
		FROM
			ctr_wifi
		WHERE
			IsDeleted = 0
		AND ID = #{wifiID}
  </select>
  <!-- 根据服务器id查询服务器信息 -->
  <select id="queryServerInfoByseverID" parameterType="Integer" resultType="com.jschange.ctr.model.Server">
  	select
		serverid,
		serverIP,
		serverName,
		identifyMode,
		identifyPrecision,
		createtime,
		modifytime,
		serverType,
		isSpare,
		serverStatus,
		port
	from ctr_server
	where 
  	serverid=#{severID}
  </select>
  <!-- 绑定网络 -->
  <update id="bingNet" parameterType="Map" >
  	update ctr_fingerdrivice
		 <set >
	      <if test="wifiID != null" >
	        WiFiID = #{wifiID},
	      </if>
	      <if test="serviceID != null" >
	        serviceID = #{serviceID},
	      </if>
	      <if test="modifyID !=null">
	      	ModifyID=#{modifyID},
	      </if>
			ModifyDate=NOW()
	    </set>
	    where id in
	    <foreach collection="array" close=")" open="(" item="id" separator=",">
			#{id}
		</foreach>
  </update>
  <!-- 查询可用的WiFi信息 -->
  <select id="queryWifiInfoCanBeUsed" resultType="com.jschange.ctr.model.WiFiDriviceModel">
  		SELECT
			ID,
			WiFiNo,
			WiFiName,
			WiFiPassWord,
			Status,
			MemoInfo

		FROM
			ctr_wifi
		WHERE
			IsDeleted = 0
		AND Status=0
  </select>
  <!-- 查询可用的服务器信息 -->
  <select id="queryServerCanBeUsed" resultType="com.jschange.ctr.model.Server">
	SELECT
		serverid,
		serverIP,
		serverName,
		identifyMode,
		identifyPrecision,
		serverType,
		isSpare,
		serverStatus,
		PORT
	FROM
		ctr_server
	WHERE
		isSpare = 0
	AND serverStatus = 0
	AND serverType = 0
  
  </select>

</mapper>