<?xml version="1.0" encoding="UTF-8" ?>
<!DOCTYPE mapper PUBLIC "-//mybatis.org//DTD Mapper 3.0//EN" "http://mybatis.org/dtd/mybatis-3-mapper.dtd" >
<mapper namespace="com.jschange.ctr.dao.GetDeviceStateMapper">
<!-- 修改设备连接状态信息 -->
	<update id="updateDeviceState" parameterType="Map">
		UPDATE ctr_device
		<set>
				modifytime = NOW(),
			<if test="operatorType !=null">
				operatorType = #{operatorType},
			</if>
			<if test="operatorResult !=null">
				operatorResult=#{operatorResult},
			</if>
			<if test="connectionStatus !=null">
				connectionStatus=#{connectionStatus}
			</if>
		</set>
		
		where
		<if test="confirmNum !=null">
			deviceid=#{confirmNum}
		</if>

	</update>
</mapper>