<?xml version="1.0" encoding="UTF-8" ?>
<!DOCTYPE mapper PUBLIC "-//mybatis.org//DTD Mapper 3.0//EN" "http://mybatis.org/dtd/mybatis-3-mapper.dtd" >
<mapper namespace="com.jschange.ctr.dao.HomePageDao">

	<!-- 首页柱状图考勤数据 code=9 是所长看到的数据 -->
	<select id="homeAttence" parameterType="java.util.Map"
		resultType="com.jschange.ctr.model.AttendanceDataStatistics">
		<if test="code ==2 or code == 1 ">
			SELECT
			endtime,deptName,attendnum,allnum,rollcallnum,absensenum,sickleavenum,othernum
			FROM
			(SELECT
			endtime,deptName,attendNum,allnum,rollcallnum,absensenum,sickleavenum,othernum,deptid
			FROM( SELECT
			endtime,deptName,attendNum,allnum,rollcallnum,absensenum,sickleavenum,othernum,a.deptid
			FROM ctr_event a LEFT JOIN ctr_dept b ON a.deptid = b.deptid ORDER BY
			endtime DESC) a
			GROUP BY deptName) c
			ORDER BY deptid
		</if>
		<if test="code !=2">
			select endtime, deptName, attendnum, allnum,
			rollcallnum,
			absensenum, sickleavenum, othernum
			from ctr_event a LEFT JOIN ctr_dept
			b on a.deptid= b.deptid
			where b.deptid=#{deptid} ORDER BY endtime DESC
			LIMIT 0, 1

		</if>
	</select>
	<!-- 首页在队离队的全年折线数据code=9 是所长看到的数据isDelected==0在队 -->
	<select id="yearlyInOrNotTeam" parameterType="java.util.Map"
		resultType="int">

		<!-- select count(1) FROM ( select * from onepalm_rollcalluser_info where 
			<if test="isDelected==0"> <![CDATA[ rollCallUser_CREATETIME < #{time} or 
			rollCallUser_CREATETIME like concat('%',#{time},'%' ) ]]> </if> <if test="isDelected==1"> 
			rollCallUser_DELETETIME LIKE concat('%' ,#{time}, '%') </if> and rollCallUser_HASDELETED=#{isDelected} 
			<if test="code !=9"> and rollCallUser_DEPT=#{code} </if> )a LEFT JOIN onepalm_user_info 
			b on b.USER_ID= a.rollCallUser_NO -->

		select count(1) from ctr_user_info where 1=1
		<if test="isDelected==0">
			and createtime &lt; #{time} or createtime like
			concat('%',#{time},'%' )
		</if>
		<if test="isDelected==1">
			and deletetime LIKE concat('%' ,#{time}, '%')
		</if>

		and hasdeleted=#{isDelected}
		<if test="code !=2">
			and deptid=#{deptid}
		</if>
	</select>

	<!-- 首页饼状图比例数据code=9 是所长看到的数据 -->
	<select id="proportion" parameterType="java.util.Map"
		resultType="com.jschange.ctr.model.AttendanceDataStatistics">
		<if test="code ==2 or code == 1">
			SELECT SUM(attendnum)attendNum
			,SUM(allnum)allnum,SUM(rollcallnum)rollcallnum,SUM(absensenum)absensenum,SUM(sickleavenum)sickleavenum,SUM(othernum)othernum
			from (
			select
			attendnum,allnum,rollcallnum,absensenum,sickleavenum,othernum from (
			select
			endtime,deptName,attendnum,allnum,rollcallnum,absensenum,sickleavenum,othernum
			from ctr_event a LEFT JOIN ctr_dept b on
			a.deptid= b.deptid ORDER BY
			endtime desc) a GROUP BY deptName) d
		</if>
		<if test="code !=2">
			select
			endtime,deptName,attendnum,allnum,rollcallnum,absensenum,sickleavenum,othernum
			from ctr_event a LEFT JOIN ctr_dept b on
			a.deptid= b.deptid
			where
			b.deptid=#{deptid} ORDER BY endtime DESC LIMIT 0, 1

		</if>
	</select>
	<!-- 最新一次 缺勤名单 -->
	<select id="queqinList" resultType="com.jschange.ctr.model.AbsenceList"
		parameterType="java.lang.String">
		SELECT userid,userName FROM ctr_access_record 
where stateid= 4 and  eventid = 
(select eventid from ctr_event where deptid = #{depId} ORDER BY starttime desc limit 0,1) 

	</select>
	<!-- 获取病假、调休、其他状态列表 -->
	<select id="otherList" resultType="com.jschange.ctr.model.AbsenceList"
		parameterType="java.lang.String">
	SELECT userid,userName,stateName FROM	ctr_user_info a
LEFT JOIN ctr_state b ON a.stateid = b.stateid
WHERE	a.stateid IN (2, 3, 5)AND a.deptid =1 AND a.userid NOT IN (
	SELECT userid	FROM ctr_access_record WHERE 
		stateid = 4	AND deptid =#{depId} GROUP BY recordtime HAVING recordtime = MAX(recordtime))
	</select>
</mapper>