<?xml version="1.0" encoding="UTF-8" ?>
<!DOCTYPE mapper PUBLIC "-//mybatis.org//DTD Mapper 3.0//EN" "http://mybatis.org/dtd/mybatis-3-mapper.dtd" >
<mapper namespace="com.jschange.ctr.dao.EventMapper" >
  <parameterMap type="map" id="PrpareNum">
  	<parameter property="deptid" javaType="INTEGER" mode="IN"/>
  	<parameter property="allnum" javaType="INTEGER" mode="OUT"/>
  	<parameter property="rollcallnum" javaType="INTEGER" mode="OUT"/>
  	<parameter property="sickleavenum" javaType="INTEGER" mode="OUT"/>
  	<parameter property="othernum" javaType="INTEGER" mode="OUT"/>
  </parameterMap>
  <resultMap type="com.jschange.ctr.model.PrpareNum" id="numResult">
  	<id column="deptid" property="deptid"/>
	<result column="allnum" property="allnum" />
	<result column="rollcallnum" property="rollcallnum"  />
	<result column="sickleavenum" property="sickleavenum"  />
	<result column="othernum" property="othernum" />
  </resultMap>
  <!-- 按条件查询总大队点名记录数 -->
  <select id="selectTeamRowsByReqire" parameterType="java.util.Map" resultType="java.lang.Integer" >
  	select count(1) from ctr_event e LEFT JOIN ctr_dept d on d.deptid = e.deptid 
  	<where>
  		<if test="startTime!=null and startTime !=''">
  			e.starttime like concat('%',#{startTime},'%')
  		</if>
  	</where>
  </select>
  <!-- 按条件查询各大队的信息 -->
 <select id="selectTeamRecord" parameterType="java.util.Map" resultType="com.jschange.ctr.model.Event">
 	 	select  e.eventid, absensenum, allnum, attendnum, endtime, othernum, 
    rollcallnum, sickleavenum, starttime, state, 
    e.deptid,d.deptName from ctr_event e LEFT JOIN ctr_dept d on d.deptid = e.deptid    
  	<where>
  		<if test="recordDate!=null and recordDate !=''">
  			e.starttime like concat('%',#{recordDate},'%')
  		</if>
  	</where> 
	ORDER BY e.starttime desc
  	limit #{offset},#{pageSize}
 </select>
<!-- 获得总人数、应到人数、病休人数、其它人数的方法 -->
<select id="getPrepareNum" statementType="CALLABLE" parameterType="java.util.Map" resultType="java.util.Map">
<![CDATA[
	{call pro_prepare_record(
	#{deptid,mode=IN},
	#{allnum,jdbcType=INTEGER,mode=OUT},
	#{rollcallnum,jdbcType=INTEGER,mode=OUT},
	#{sickleavenum,jdbcType=INTEGER,mode=OUT},
	#{othernum,jdbcType=INTEGER,mode=OUT}
	)}
	]]>
</select>
	
<!-- 导出Excel表格需要的所有大队信息 -->
<select id="getTeamRecord" parameterType="java.util.Map" resultType="com.jschange.ctr.model.Event">
		select  e.eventid, absensenum, allnum, attendnum, endtime, othernum, 
    rollcallnum, sickleavenum, starttime, state, 
    e.deptid,d.deptName from ctr_event e LEFT JOIN ctr_dept d on d.deptid = e.deptid 
  	<where>
  		<if test="startTime!=null and startTime !=''">
  			e.starttime like concat('%',#{startTime},'%')
  		</if>
  	</where>
</select>
<!-- 结束点名时，向eventinfo表中插入人数信息 -->
<insert id="insertEventinfo" parameterType="java.util.Map" >
	insert into ctr_event(deptid,allnum,rollcallnum,attendnum,
absensenum,sickleavenum,othernum,starttime,endtime,
state) values(#{deptid},#{allnum},#{rollcallnum},#{attendnum},#{absensenum},#{sickleavenum},#{othernum},#{starttime},#{endtime},'已结束');

</insert>
</mapper>