<?xml version="1.0" encoding="UTF-8" ?>
<!DOCTYPE mapper PUBLIC "-//mybatis.org//DTD Mapper 3.0//EN" "http://mybatis.org/dtd/mybatis-3-mapper.dtd" >
<mapper namespace="com.jschange.ctr.dao.OperationLogMapper">
	
	<!-- 查询日志总数 -->
	<select id="getOperationLogCount" parameterType="java.util.Map" resultType="int">
		select count(1) from ctr_operationLog
		<where>
			<if test="operationTime !=null and operationTime !=''">
				and operationTime like concat('%',#{operationTime},'%') 
			</if>
			<if test="operationPersonnel!=null and operationPersonnel!=''">
				and operationPersonnel like concat('%',#{operationPersonnel},'%')
			</if>
			<if test="operationIP !=null and operationIP!=''">
				and operationIP like concat('%',#{operationIP},'%')
			</if>
			<if test="deptid !=null">
				and deptid =#{deptid}
			</if>
			<if test="operationType !=null">
				and operationType =#{operationType}
			</if>
		</where>
	
	</select>
	<!-- 查询日志列表 -->
	<select id="getOperationLogList" parameterType="java.util.Map" resultType="com.jschange.ctr.model.OperationLog">
		SELECT
			id,
			operationTime,
			operationPersonnel,
			operationContext,
			operationIP,
			d.deptName as deptName
		FROM
			ctr_operationLog a
		LEFT JOIN ctr_dept d on a.deptid=d.deptid
		<where>
			<if test="operationTime !=null and operationTime !=''">
				and a.operationTime like concat('%',#{operationTime},'%')           
			</if> 
			<if test="operationPersonnel!=null and operationPersonnel!=''">
				and a.operationPersonnel like concat('%',#{operationPersonnel},'%')                           
			</if>
			<if test="operationIP !=null and operationIP!=''">
				and a.operationIP like concat('%',#{operationIP},'%')                          
			</if>
			<if test="deptid !=null">
				and a.deptid =#{deptid}
			</if>
			<if test="operationType !=null">
				and operationType =#{operationType}                      
			</if>
		</where>
	 	ORDER BY a.operationTime desc LIMIT #{page},#{rows}           
	</select>
	
	<!-- 插入操作日志 -->
	<insert id="insertOperationLog" parameterType="com.jschange.ctr.model.OperationLog">
		INSERT INTO ctr_operationLog (
			operationTime,
			operationPersonnel,
			operationContext,
			operationIP,
			deptid,
			operationType
		)
		VALUES
			(
				NOW(),
				#{operationPersonnel},
				#{operationContext},
				#{operationIP},
				#{deptid},
				#{operationType}
			)
	</insert>
	
	<!-- 根据人员编号查询人员的姓名 -->
	<select id="getName" parameterType="java.lang.String" resultType="java.lang.String">
		SELECT
			userName
		FROM
			ctr_user_info
		WHERE
			userid =#{userid}
	</select>
	
	<select id="getNameByID" parameterType="java.lang.String" resultType="java.lang.String">
		SELECT
			userName
		FROM
			ctr_user_info
		WHERE
			id =#{id}
	</select>
	<!-- 根据状态编号查询到状态 -->
	<select id="getState" parameterType="java.lang.String" resultType="java.lang.String">
		select stataName from ctr_userstate where stateId=#{stateid}
	</select>
	
	<!-- 根据登录人当前登陆用自增列ID获取该用户的姓名和大队编号 -->
	<select id="queryCurrentUser" parameterType="java.lang.String" resultType="com.jschange.ctr.model.SystemUser">
		SELECT
			u.userName,
			u.deptid,
			d.deptName
		FROM
			ctr_system_user u
		LEFT JOIN ctr_dept d ON u.deptid = d.deptid
		where id=#{id}
	</select>
	 
	<select id="callOperationPro" parameterType="com.jschange.ctr.model.OperationLog" resultType="java.util.Map" >
		call pro_operation(#{userid,mode=IN},#{operationContext,mode=IN},#{operationIP,mode=IN},#{operationType,mode=IN})
	</select>
</mapper>