<?xml version="1.0" encoding="UTF-8" ?>
<!DOCTYPE mapper PUBLIC "-//mybatis.org//DTD Mapper 3.0//EN" "http://mybatis.org/dtd/mybatis-3-mapper.dtd" >
<mapper namespace="com.jschange.ctr.dao.ServerMapper" >
	<!-- 注册服务器 -->
	<insert id="insertServer" parameterType="com.jschange.ctr.model.Server">
		INSERT INTO ctr_server (
			<if test="serverIP != null and serverIP.length() > 0">
				serverIP,
			</if>
			<if test="serverName != null and serverName.length() > 0">
				serverName,
			</if>
			createtime,
			<if test="serverType != null">
				serverType,
			</if>
			<if test="isSpare != null">
				isSpare,
			</if>
			<if test="identifyPrecision != null">
				identifyPrecision,
			</if>
			<if test="serverStatus != null">
				serverStatus,
			</if>
			modifytime
		)
		VALUES
			(
			<if test="serverIP != null and serverIP.length() > 0">
				#{serverIP},
			</if>
			<if test="serverName != null and serverName.length() > 0">
				#{serverName},
			</if>
			now(),
			<if test="serverType != null">
				#{serverType},
			</if>
			<if test="isSpare != null">
				#{isSpare},
			</if>
			<if test="identifyPrecision != null">
				#{identifyPrecision},
			</if>
			<if test="serverStatus != null">
				#{serverStatus},
			</if>
			now()
			)
	</insert>
	<!-- 检查ip唯一性 -->
	<select id="checkIP" parameterType="com.jschange.ctr.model.Server" resultType="java.lang.Integer">
		SELECT
			count(serverIP)
		FROM
			ctr_server
		WHERE
		<if test="serverid != null and serverid > 0">
			serverid != #{serverid} AND
		</if>
		 serverIP = #{serverIP}
		 <if test="serverType != null and serverType > 0">
			 and serverType = #{serverType}
		</if>
	</select>
	
	<!-- 查询服务器列表(应用服务器) -->
	<select id="queryServerList" parameterType="java.util.Map" resultType="com.jschange.ctr.model.Server">
		SELECT
			serverid,
			serverIP,
			serverName,
			createtime,
			modifytime,
			serverType,
			isSpare,
			serverStatus
		FROM
			ctr_server
		<where>
			serverIP IS NOT NULL
			<if test="serverid != null">
				and serverid=#{serverid}
			</if>
			<if test="serverType != null">
				and serverType = #{serverType}
			</if>
			<if test="serverIP != null and serverIP.length()>0">
				and serverIP like concat('%',#{serverIP},'%')
			</if>
			<if test="serverName != null and serverName.length()>0">
				and serverName like concat('%',#{serverName},'%')
			</if>
			<if test="serverType != null">
				and serverType=#{serverType}
			</if>
			<if test="serverStatus != null ">
				and serverStatus=#{serverStatus}
			</if>
		</where>
		order by createtime desc
		
		<if test="rows!=null and page!=null and s!=null">
			limit #{page},#{rows}
		</if>
	</select>

	<!-- 查询列表数量 （应用服务器）-->
	<select id="countServerNum" parameterType="java.util.Map" resultType="java.lang.Integer">
		SELECT
			count(serverIP)
		FROM
			ctr_server
		<where>
			serverType = 0     
			<if test="serverid != null">
				and serverid=#{serverid}
			</if>
			<if test="serverIP != null and serverIP.length()>0">
				and serverIP like concat('%',#{serverIP},'%')
			</if>
			<if test="serverName != null and serverName.length()>0">
				and serverName like concat('%',#{serverName},'%')
			</if>
			<if test="serverType != null">
				and serverType=#{serverType}
			</if>
			<if test="serverStatus != null ">
				and serverStatus=#{serverStatus}
			</if>
		</where>
	</select>
	
	<!-- 修改服务器 -->
	<update id="updateServer" parameterType="com.jschange.ctr.model.Server">
		UPDATE ctr_server
		SET serverIP =#{serverIP},
		 serverName =#{serverName},
		 modifytime = now(),
		 serverType = #{serverType},
		 isSpare = #{isSpare},
		 serverStatus = #{serverStatus}
		WHERE
			serverid = #{serverid}
	</update>
	<!-- 删除服务器 -->
	<delete id="delServer" parameterType="java.util.Map" >
		DELETE from  ctr_server where serverid =  #{serverid}
	</delete>
	
	<!-- 判断当前IP有没有设备使用 -->
	<select id="checkServerInUse" parameterType="java.util.Map" resultType="java.lang.Integer">
		SELECT
			count(1)
		FROM
			ctr_device
		WHERE
			serverid = #{serverid}
		OR standbyServerIP = #{serverIP}
		OR webserverIP = #{serverIP}
	</select>
	
</mapper>