<?xml version="1.0" encoding="UTF-8" ?>
<!DOCTYPE mapper PUBLIC "-//mybatis.org//DTD Mapper 3.0//EN" "http://mybatis.org/dtd/mybatis-3-mapper.dtd" >
<mapper namespace="com.jschange.ctr.dao.StatisticsDao" >
 	<select id="queryDeptList" resultType="com.jschange.ctr.model.DeptInfo">
 		select deptid,deptName,createtime,modifytime,superid from ctr_dept where deptName != '管理员'
 	</select>
 	<!-- 离队人员人数 -->
	<select id="deletesum" parameterType="java.util.Map" resultType="int">
		select count(1) from ctr_user_info where hasdeleted= 1 
		and deletetime like concat('%',#{startTime},'%') and  deptid=#{code}

	</select>
	<!-- 在队人数 -->
	<select id="inusersum" parameterType="java.util.Map" resultType="int">
	<![CDATA[
	select count(1) from ctr_user_info where hasdeleted= 0 
	and (createtime<#{startTime} or createtime like concat('%',#{startTime},'%')) and  deptid=#{code}
	]]> 
	</select>
	<select id="selectSumAttendnum" parameterType="java.util.Map"
		resultType="com.jschange.ctr.model.AttendanceDataStatistics">
		select a.endtime, deptName,attendnum, allnum,
		 rollcallnum,  absensenum,  sickleavenum, othernum 
		from ctr_event a LEFT JOIN ctr_dept b on a.deptid= b.deptid 
			where a.deptid=#{deptid} and a.endtime like concat('%',#{startTime},'%') GROUP BY a.endtime
	</select>
	<select id="queryRole" resultType="com.jschange.ctr.model.Role">
		select roleid,roleName from ctr_role where roleName='所长' or roleName='系统管理员' or roleName='队长'
	</select>
	<select id="deptListByRole" resultType="com.jschange.ctr.model.DeptInfo" parameterType="java.util.Map">
		select deptid,deptName,createtime,modifytime,superid from ctr_dept where deptid = #{deptid}
	</select>
</mapper>