<?xml version="1.0" encoding="UTF-8" ?>
<!DOCTYPE mapper PUBLIC "-//mybatis.org//DTD Mapper 3.0//EN" "http://mybatis.org/dtd/mybatis-3-mapper.dtd" >
<mapper namespace="com.jschange.ctr.dao.SystemUserMapper">
	<!-- 判断账号是否被删除 -->
	<select id="checkUser" parameterType="java.lang.String"
		resultType="java.lang.Integer">
		select count(1) from ctr_system_user
		<where>
			loginName = #{loginName} and hasdeleted = 1
		</where>
	</select>
	<insert id="insertSystemUser" parameterType="com.jschange.ctr.model.SystemUser">
		INSERT INTO
		`ctr_system_user`
		(`loginName`,`userName`,`password`,`deptid`,`hasdeleted`,`createtime`,
		`modifytime`,`roleid`)
		VALUES(#{loginName},#{userName},#{password},#{deptid},0,SYSDATE(),SYSDATE(),#{roleid})
	</insert>
	<update id="updateSystemUser">
		UPDATE `ctr_system_user``userName` =
		#{userName},`password` = #{password},`deptid` = #{deptid},`hasdeleted`
		= 0,`deletetime` = NULL,
		`createtime` = sysdate(),`modifytime` = sysdate(),`roleid` = #{roleid},`Spare1` =
		NULL,`Spare2` = NULL,`Spare3` = NULL,`Spare4` = NULL,`Spare5` = NULL
		WHERE
		`loginName` = #{loginName}
	</update>
	<update id="deleteSystemUser" parameterType="java.util.Map">
		update ctr_system_user set hasdeleted = 1 ,deletetime=sysdate()
		<where>
			id in 
			<foreach collection="id" item="item" index="index" open="(" separator="," close=")">
			#{item}
			</foreach>
		</where>
	</update>
	<select id="querySystemUserCount" resultType="java.lang.Integer">
		SELECT count(1)  from ctr_system_user s LEFT JOIN ctr_dept d on d.deptid = s.deptid where s.hasdeleted = 0
	</select>
	<select id="querySystemUser" parameterType="java.util.Map" resultType="com.jschange.ctr.model.SystemUser">
		SELECT `id`,`loginName`,`userName`,s.`createtime`,deptName from ctr_system_user s LEFT JOIN ctr_dept d on d.deptid = s.deptid where s.hasdeleted = 0
		limit #{offset},#{pageSize}
	</select>
	<update id="resetPassword" parameterType="java.lang.Integer">
		update ctr_system_user set password = '123456',modifytime=sysdate() where id = #{id}
	</update>
	<update id="updateSystemUserPwd" parameterType="java.util.Map">
		update ctr_system_user set password = #{password},modifytime=sysdate() where id = #{id}
	</update>
	<select id="checkSystemUser" parameterType="java.lang.String" resultType="java.lang.Integer">
		select count(1) from ctr_system_user where loginName= #{loginName}
	</select>
	<select id="loginSystemUser" parameterType="java.util.Map" resultType="com.jschange.ctr.model.SystemUser">
		SELECT id,loginName,userName,s.deptid,hasdeleted,deletetime,s.createtime,s.modifytime,roleid,deptName from ctr_system_user s LEFT JOIN ctr_dept d on d.deptid = s.deptid where `loginName` = #{login,jdbcType=VARCHAR} and `password`= #{pwd} and s.hasdeleted=0
	</select>
	<select id="checkPwd" parameterType="java.util.Map" resultType="java.lang.String">
		select `password` from ctr_system_user where id = #{id}
	</select>
	<select id="selectSystemUserId"  parameterType="com.jschange.ctr.model.SystemUser" resultType="java.lang.Integer">
		select id from ctr_system_user where loginName = #{loginName}
	</select>
	<select id="selectModelRole" parameterType="com.jschange.ctr.model.SystemUser" resultType="java.lang.Integer">
		select modelid from ctr_role_model where roleid = #{roleid}
	</select>
	<insert id="insertUserModel" parameterType="java.util.Map">
		<foreach collection="au" item="item" separator=";" index="index">
			insert into ctr_user_model VALUES(#{id},#{item})
		</foreach>
	</insert>
</mapper>