<?xml version="1.0" encoding="UTF-8" ?>
<!DOCTYPE mapper PUBLIC "-//mybatis.org//DTD Mapper 3.0//EN" "http://mybatis.org/dtd/mybatis-3-mapper.dtd" >
<mapper namespace="com.jschange.ctr.dao.UserAuthorityMapper">
	<!-- 查询模块集合 -->
	<select id="getModelList" statementType="CALLABLE"  parameterType="java.util.Map"  resultType="com.jschange.ctr.model.Model">
		<![CDATA[
			{call getModelList(#{id},#{name},#{page},#{rows})}
		]]>
	</select>
	<!-- 查询模块数量 -->
	<select id="getModelCount" statementType="CALLABLE"  parameterType="java.util.Map"  resultType="int">
		<![CDATA[
			{call getModelCount(#{id},#{name})}
		]]> 
	</select>
	<!-- 添加模块前查询模块名称是否存在 -->
	<select id="checkAddModel" parameterType="com.jschange.ctr.model.Model" resultType="int">
		SELECT 
			COUNT(1) 
		FROM 
			ctr_model 
		WHERE 
			hasdeleted = 0 
		AND modelName = #{modelName} 
		AND menuid = #{menuid} 
	</select>
	<!-- 添加模块 -->
	<insert id="addModel" parameterType="com.jschange.ctr.model.Model">
		INSERT INTO ctr_model 
		VALUES 
			( 
				0,
				#{modelName},
				#{modelUrl},
				#{createid},
			  	NOW(),
				0,
				#{menuid},
				#{sortid},
				NULL,
				NULL,
				NULL,
				NULL 
			)
	</insert>
	<!-- 添加菜单前查询菜单名称是否存在 -->
	<select id="checkAddMenu" parameterType="com.jschange.ctr.model.Model" resultType="int">
		SELECT 
			COUNT(1) 
		FROM 
			ctr_menu 
		WHERE 
			menuName = #{modelName}
	</select>
	<!-- 添加菜单 -->
	<insert id="addMenu" parameterType="com.jschange.ctr.model.Model">
		INSERT INTO ctr_menu 
		VALUES 
			(0, #{modelName},#{sortid})
	</insert>
	<!-- 修改模块前查询模块名称是否存在 -->
	<select id="checkUpdateModel" parameterType="com.jschange.ctr.model.Model" resultType="int">
		SELECT 
			COUNT(1) 
		FROM 
			ctr_model 
		WHERE 
			hasdeleted = 0 
		AND modelName = #{modelName} 
		AND menuid  = #{menuid} 
		AND modelid != #{modelid} 
	</select>
	<!-- 修改模块 -->
	<update id="updateModel" parameterType="com.jschange.ctr.model.Model">
		UPDATE ctr_model  
		<set>
			<if test="modelName !=null and modelName !=''">
				modelName = #{modelName},
			</if>
			<if test="modelUrl !=null and modelUrl !=''">
				modelUrl = #{modelUrl}, 
			</if>
			<if test="sortid !=null">
				sortid = #{sortid}, 
			</if>
		</set>
		WHERE modelid = #{modelid}
	</update>
	<!-- 批量删除模块之删除模块表 -->
	<update id="delModel" parameterType="String">
		UPDATE ctr_model SET hasdeleted = 1 WHERE modelid = #{id}
	</update>
	<!-- 批量删除模块之删除帐号模块中间表 -->
	<delete id="delUserModel" parameterType="String">
		DELETE 
		FROM 
			ctr_user_model 
		WHERE 
			modelid = #{id} 
	</delete>
	<!-- 根据模块id查询模块名称 -->
	<select id="getModelNameById" parameterType="String" resultType="String">
		SELECT 
			modelName 
		FROM 
			ctr_model 
		WHERE  
			hasdeleted = 0 
		AND modelid = 1
	</select>
	<!--  根据账号id查询菜单栏-->
	<select id="getMenuById" parameterType="String" resultType="com.jschange.ctr.model.Menu">
		SELECT 
			a.menuid, 
			a.menuName 
		FROM 
			ctr_menu a 
		LEFT JOIN ctr_model b ON b.menuid = a.menuid 
		LEFT JOIN ctr_user_model c ON c.modelid = b.modelid 
		WHERE 
			c.id = #{id} 
		GROUP BY 
			a.menuid  
		ORDER BY a.sortid ASC 
	</select>
	<!-- 根据菜单id、账号id查询模块 -->
	<select id="getModelByMenuIdAndId" parameterType="java.util.Map" resultType="com.jschange.ctr.model.Model">
		SELECT 
			modelName,
			modelUrl 
		FROM 
			ctr_model a 
		LEFT JOIN ctr_user_model b ON a.modelid = b.modelid 
		WHERE 
			a.hasdeleted = 0  
		AND a.menuid = #{menuid}  
		AND b.id = #{id}  
		ORDER BY  
		a.sortid 
	</select>
	<!-- 查询属于该角色的帐号集合 -->
	<select id="getSystemUserByRoleId" parameterType="String" resultType="com.jschange.ctr.model.SystemUser">
		SELECT 
			id,
			userName 
		FROM 
			ctr_system_user 
		WHERE 
			hasdeleted = 0 
		AND roleid = #{id} 
	</select>
	<!-- 查询菜单集合(权限分配) -->
	<select id="getMenuList" resultType="com.jschange.ctr.model.Menu">
		SELECT 
			menuid,
			menuName 
		FROM 
			ctr_menu 
		ORDER BY
			sortid	
	</select>
	<!-- 根据菜单id查询模块(权限分配) -->
	<select id="getModelByMenuId" parameterType="Integer" resultType="com.jschange.ctr.model.Model">
		SELECT 
			modelid,
			modelName  
		FROM 
			ctr_model 
		WHERE 
			hasdeleted = 0 
		AND menuid = #{id}
		ORDER BY
			sortid
	</select>
	<!-- 根据角色id查询模块集合(权限分配) -->
	<select id="getModelByRoleId" parameterType="String" resultType="com.jschange.ctr.model.Model">
		SELECT
			a.modelid,
			modelName
		FROM
			ctr_role_model a,
			ctr_model b
		WHERE
			b.modelid = a.modelid
		AND roleid = #{id}
	</select>
	<!-- 根据账号id查询模块集合(权限分配) -->
	<select id="getModelById" parameterType="String" resultType="com.jschange.ctr.model.Model">
		SELECT 
			a.modelid,
			modelName 
		FROM 
			ctr_user_model a,
			ctr_model b 
		WHERE 
			b.modelid = a.modelid 
		AND id = #{id}
	</select>
	<!-- 修改角色权限之删除原有权限  -->
	<delete id="delRoleAuthority" parameterType="String">
		DELETE 
		FROM 
			ctr_role_model 
		WHERE 
			roleid = #{id} 
	</delete>
	<!-- 修改角色权限之添加新权限 -->
	<insert id="addRoleAuthority" parameterType="java.util.Map">
		INSERT INTO ctr_role_model 
		VALUES 
			(#{id}, #{modelid})
	</insert>
	<!-- 修改该角色下的帐号权限之删除原有角色权限(权限分配) -->
	<delete id="delUserOfRole" parameterType="String">
		DELETE
		FROM
			ctr_user_model
		WHERE
			id IN (
				SELECT
					id
				FROM
					ctr_system_user
				WHERE
					hasdeleted = 0
				AND roleid = #{id}
			)
		AND modelid IN (
			SELECT
				modelid
			FROM
				ctr_role_model
			WHERE
				roleid = #{id}
		)
	</delete>
	<!-- 根据角色id查询帐号id(权限分配) -->
	<select id="getIdByRoleId" parameterType="String" resultType="String">
		SELECT
			id
		FROM
			ctr_system_user
		WHERE
			hasdeleted = 0
		AND roleid = #{id}
	</select>
	<!-- 修改账号权限之删除原有权限 -->
	<delete id="delUserAuthority" parameterType="String">
		DELETE 
		FROM 
			ctr_user_model 
		WHERE 
			id = #{id} 
	</delete>
	<!-- 修改账号权限之添加新权限 -->
	<insert id="addUserAuthority" parameterType="java.util.Map">
		INSERT INTO ctr_user_model 
		VALUES 
			(#{id}, #{modelid})
	</insert>
</mapper>