<?xml version="1.0" encoding="UTF-8" ?>
<!DOCTYPE mapper PUBLIC "-//mybatis.org//DTD Mapper 3.0//EN" "http://mybatis.org/dtd/mybatis-3-mapper.dtd" >
<mapper namespace="com.jschange.ctr.dao.UserInfoSaveMapper" >
	<!-- 注册人员时检查人员编号是否重复 -->
	<select id="checkRegister" parameterType="java.lang.String" resultType="int">
		SELECT
			COUNT(1)
		FROM
			ctr_user_info
		WHERE
			hasdeleted = 0
			
		AND userid= #{userid}
	</select>
	<!-- 获取注册/修改时的大队下拉框 -->
	<select id="getDept" resultType="com.jschange.ctr.model.DeptInfo">
		SELECT
			deptid,
			deptName
		FROM
			ctr_dept
	</select>
	<!-- 获取注册/修改时的角色下拉框 -->
	<select id="getRole" resultType="com.jschange.ctr.model.Role">
		SELECT
			roleid,
			roleName
		FROM
			ctr_role
	</select>
	<!--  获取注册/修改时的证件类型下拉框-->
	<select id="getCardType" resultType="com.jschange.ctr.model.DataDictionary">
		SELECT
			DataKey,
			DataValue
		FROM
			ctr_data_dictionary
		WHERE
			isDeleted = 0
		AND DataType = 'cardType'
	</select>
	<!-- 人员注册 -->
	<insert id="registerUserInfo" parameterType="com.jschange.ctr.model.UserInfo" >
		<selectKey resultType="java.lang.Integer" order="AFTER" keyProperty="id">
			SELECT LAST_INSERT_ID()
		</selectKey>
	INSERT INTO ctr_user_info
	VALUES
		(
			0,
			#{userid},
			#{userName},
			#{gender},
			#{birthday},
			#{roleid},
			#{deptid},
			#{isBalckList},
			NOW(),
			#{deletetime},
			NOW(),
			0,
			#{hasMetacarpalVein},
			#{metacarpalVein},
			0,
			NULL,
			#{photoUrl},
			NULL,
			1,
			NULL,
			NULL,
			NULL,
			NULL,
			NULL,
			NULL,
			#{dormitoryNum},
			#{bedNum},
			#{placeOrigin},
			#{nationalities},
			#{isMarried},
			#{hasChild},
			#{politicalStatus},
			#{cardType},
			#{cardNum},
			#{beginEffectiveDate},
			#{endEffectiveDate},
			#{contact},
			#{contactNum},
			#{residenceAdress},
			#{address},
			NULL,
			NULL,
			NULL,
			NULL,
			NULL
		)
	</insert>
	<!-- 据userid查询主键id -->
	<select id="getIdByUserId" parameterType="String" resultType="int">
		SELECT
			id
		FROM
			ctr_user_info
		WHERE
			hasdeleted = 0
		AND userid = #{id}
	</select>
	<!-- 注册成功后，数据导入对接的表 -->
	<insert id="userEnrollFunction" parameterType="java.util.Map" >
		INSERT INTO ctr_palm
		VALUES
			(#{id}, #{vein})
	</insert>
	<!-- 修改人员时检查人员编号是否重复-->
	<select id="checkUpdate" parameterType="java.util.Map" resultType="int">
		SELECT
			COUNT(1)
		FROM
			ctr_user_info
		WHERE
			hasdeleted = 0
		AND userid = #{userid}
		AND id != #{id}
	</select>
	<!-- 修改时查询人员编号 -->
	<select id="getUserid" parameterType="Integer" resultType="String">
		SELECT
			userid
		FROM
			ctr_user_info
		WHERE
			hasdeleted = 0
		AND id = #{id}
	</select>
	<!-- 修改时查询照片名称 -->
	<select id="getPhotoUrl" parameterType="Integer" resultType="String">
		SELECT
			photoUrl
		FROM
			ctr_user_info
		WHERE
			hasdeleted = 0
		AND id = #{id}
	</select>
	<!-- 修改人员 -->
	<update id="updateUserInfo" parameterType="com.jschange.ctr.model.UserInfo">
		UPDATE ctr_user_info
		<set>
			<if test="userName !=null and ''!= userName">
				userName = #{userName},
			</if>
			<if test="gender !=null">
				gender = #{gender},
			</if>
			<if test="birthday !=null and ''!= birthday">
				birthday = #{birthday},
			</if>
			<if test="roleid !=null">
				roleid = #{roleid},
			</if>
			<if test="deptid !=null">
				deptid = #{deptid},
			</if>
			<if test="isBalckList !=null">
				isBalckList = #{isBalckList},
			</if>
			<if test="createtime !=null">
				createtime = #{createtime},
			</if>
			<if test="deletetime !=null">
				deletetime = #{deletetime},
			</if>
			<if test="hasMetacarpalVein !=null">
				hasMetacarpalVein = #{hasMetacarpalVein},
			</if>
			<if test="metacarpalVein !=null ">
				metacarpalVein = #{metacarpalVein},
			</if>
			<if test="hasDigitalVein !=null">
				hasDigitalVein = #{hasDigitalVein},
			</if>
			<if test="digitalVein !=null">
				digitalVein = #{digitalVein},
			</if>
			<if test="photoUrl !=null and ''!= photoUrl">
				photoUrl = #{photoUrl},
			</if>
			<if test="dormitoryNum !=null and ''!= dormitoryNum">
				dormitoryNum = #{dormitoryNum},
			</if>
			<if test="bedNum !=null and ''!= bedNum">
				bedNum = #{bedNum},
			</if>
			<if test="placeOrigin !=null and ''!= placeOrigin">
				placeOrigin = #{placeOrigin},
			</if>
			<if test="nationalities !=null and ''!= nationalities">
				nationalities = #{nationalities},
			</if>
			<if test="isMarried !=null">
				isMarried = #{isMarried},
			</if>
			<if test="hasChild !=null">
				hasChild = #{hasChild},
			</if>
			<if test="politicalStatus !=null and ''!= politicalStatus">
				politicalStatus = #{politicalStatus},
			</if>
			<if test="cardType !=null">
				cardType = #{cardType},
			</if>
			<if test="cardNum !=null and ''!= cardNum">
				cardNum = #{cardNum},
			</if>
			<if test="beginEffectiveDate !=null and ''!= beginEffectiveDate">
				beginEffectiveDate = #{beginEffectiveDate},
			</if>
			<if test="endEffectiveDate !=null and ''!= endEffectiveDate">
				endEffectiveDate = #{endEffectiveDate},
			</if>
			<if test="contact !=null and ''!= contact">
				contact = #{contact},
			</if>
			<if test="contactNum !=null and ''!= contactNum">
				contactNum = #{contactNum},
			</if>
			<if test="residenceAdress !=null and ''!= residenceAdress">
				residenceAdress = #{residenceAdress},
			</if>
			<if test="address !=null and ''!= address">
				address = #{address},
			</if>
			<if test="fingerDeviceid !=null">
				fingerDeviceid = #{fingerDeviceid},
			</if>
			modifytime = NOW()
		</set>
		WHERE
			id = #{id}
	</update>
	<!-- 根据id获取personid -->
	<!-- <select id="getPersonId" parameterType="java.lang.Integer"  resultType="String">
		SELECT
			persionid
		FROM
			ctr_user_info
		WHERE
			hasdeleted = 0
		AND id = #{id}
	</select> -->
	<!-- 删除对接表数据 -->
	<delete id="userDeleteFunction" parameterType="String">
		DELETE
		FROM
			ctr_palm
		WHERE
			id = #{id}
	</delete>
	<!-- 查看终端信息 -->
	<update id="getTerminalInfo" parameterType="java.util.Map">
		UPDATE ctr_device 
		SET operatorType = #{type},
		 operatorResult = #{result},
		 modifytime = NOW() 
		WHERE 
			deviceid = #{confirmNum}
	</update>
	<!-- 认证比对时根据个人编号查询人员信息 -->
	<!-- <select id="getUserByPersonid" parameterType="String" resultType="com.jschange.ctr.model.UserInfo">
		SELECT
			userid,
			userName,
			deptName,
			a.deptid
		FROM
			ctr_user_info a
		LEFT JOIN ctr_dept b ON a.deptid = b.deptid
		WHERE
			hasdeleted = 0
		AND persionid = #{userid}
	</select> -->
	<!-- 认证比对时根据编号查询人员信息 -->
	<select id="getUserById" parameterType="String" resultType="com.jschange.ctr.model.UserInfo">
		SELECT
			userid,
			userName,
			deptName,
			a.deptid
		FROM
			ctr_user_info a
		LEFT JOIN ctr_dept b ON a.deptid = b.deptid
		WHERE
			hasdeleted = 0
		AND id = #{id}
	</select>
	
	<!-- 插入识别认证记录表 -->
	<insert id="insertRecord" parameterType="java.util.Map">
		INSERT INTO ctr_access_record
		VALUES
			(
				0,
				#{userid},
				#{name},
				NOW(),
				#{deptid},
				0,
				0,
				#{deviceid},
				NULL,
				NULL,
				NULL,
				NULL,
				NULL
			)
	</insert>
</mapper>