<?xml version="1.0" encoding="UTF-8" ?>
<!DOCTYPE mapper PUBLIC "-//mybatis.org//DTD Mapper 3.0//EN" "http://mybatis.org/dtd/mybatis-3-mapper.dtd" >
<mapper namespace="com.jschange.ctr.dao.UserInfoListMapper" >

	<!-- 获取人员状态下拉框 -->
	<select id="queryStateList" resultType="com.jschange.ctr.model.State">
		select stateid,stateName from ctr_state 
	</select>

	<!-- 人员状态更改 -->
	<update id="updateUserState" parameterType="java.util.Map">
		UPDATE ctr_user_info
		SET stateid = #{stateid}
		WHERE
			userid = #{userid}	
	</update>
	
	<!-- 查询人员信息列表 -->
	<select id="queryUserInfoList"  resultType="com.jschange.ctr.model.UserInfo" parameterType="java.util.Map">
		SELECT
			i.id,
			i.userid,
			i.userName,
			i.gender,
			i.birthday,
			i.roleid,
			r.roleName,
			i.deptid,
			d.deptName,
			i.isBalckList,
			i.createtime,
			i.reviseState,
			i.deletetime,
			i.modifytime,
			i.hasdeleted,
			i.hasMetacarpalVein,
			i.hasDigitalVein,
			i.metacarpalVein,
			i.hasDigitalVein,
			i.digitalVein,
			i.photoUrl,
			i.stateid,
			s.stateName,
			i.areaid,
			i.dormitoryNum,
			i.bedNum,
			i.placeOrigin,
			i.nationalities,
			i.isMarried,
			i.hasChild,
			i.politicalStatus,
			i.cardType,
			i.cardNum,
			i.beginEffectiveDate,
			i.endEffectiveDate,
			i.contact,
			i.contactNum,
			i.residenceAdress,
			i.address
		FROM
			ctr_user_info i
		LEFT JOIN ctr_role r ON i.roleid = r.roleid
		LEFT JOIN ctr_dept d ON i.deptid = d.deptid
		LEFT JOIN ctr_state s ON i.stateid = s.stateid
		<where>
			<if test="null != id">
				and i.userid = #{id}
			</if>
			<if test="null != deptid">
				and i.deptid = #{deptid}
			</if>
			<if test="null != stateid">
				and i.stateid = #{stateid}
			</if>
			<if test="1 == states"><!-- 查询在对人员 -->
				and i.hasdeleted = 0
			</if>
			<if test="-1 == states"><!-- 查询离对人员 -->
				and i.hasdeleted = 1
			</if>
			<if test="null != userid ">
				and i.userid like concat('%',#{userid},'%')
			</if>
			<if test="null != userName and userName.length()>0">
				and i.userName like concat('%',#{userName},'%')
			</if>
			<if test="null != createtime and createtime.length() > 0">
				and i.createtime like concat('%',#{createtime},'%')
			</if>
			<if test="null != deletetime and deletetime.length() > 0">
				and i.deletetime like concat('%',#{deletetime},'%')
			</if>
		</where>
			order by i.id desc
			<if test="page != null  and rows != null">
				limit #{page},#{rows}			
			</if>
	</select>

	<select id="counutUserListNum"  resultType="java.lang.Integer" parameterType="java.util.Map">
		SELECT
			count(1)
		FROM
			ctr_user_info i
		LEFT JOIN ctr_role r ON i.roleid = r.roleid
		LEFT JOIN ctr_dept d ON i.deptid = d.deptid
		LEFT JOIN ctr_state s ON i.stateid=s.stateid
		<where>
			<if test="null != id">
				and i.id = #{id}
			</if>
			<if test="null != deptid">
				and i.deptid = #{deptid}
			</if>
			<if test="null != stateid">
				and i.stateid = #{stateid}
			</if>
			<if test="1 == states"><!-- 查询在对人员 -->
				and i.hasdeleted = 0
			</if>
			<if test="-1 == states"><!-- 查询离对人员 -->
				and i.hasdeleted = 1
			</if>
			<if test="null != userid ">
				and i.userid like concat('%',#{userid},'%')
			</if>
			<if test="null != userName and userName.length()>0">
				and i.userName like concat('%',#{userName},'%')
			</if>
			<if test="null != createtime and createtime.length() > 0">
				and i.createtime like concat('%',#{createtime},'%')
			</if>
			<if test="null != deletetime and deletetime.length() > 0">
				and i.deletetime like concat('%',#{deletetime},'%')
			</if>
		</where>
	</select>
	
	<select id="queryUserInfoListByID" resultType="com.jschange.ctr.model.UserInfo" parameterType="Integer">
			SELECT
			i.id,
			i.userid,
			i.userName,
			i.gender,
			i.birthday,
			i.roleid,
			r.roleName,
			i.deptid,
			d.deptName,
			i.isBalckList,
			i.createtime,
			i.reviseState,
			i.deletetime,
			i.modifytime,
			i.hasdeleted,
			i.hasMetacarpalVein,
			i.hasDigitalVein,
			i.metacarpalVein,
			i.hasDigitalVein,
			i.digitalVein,
			i.photoUrl,
			i.stateid,
			s.stateName,
			i.areaid,
			i.dormitoryNum,
			i.bedNum,
			i.placeOrigin,
			i.nationalities,
			i.isMarried,
			i.hasChild,
			i.politicalStatus,
			i.cardType,
			i.cardNum,
			i.beginEffectiveDate,
			i.endEffectiveDate,
			i.contact,
			i.contactNum,
			i.residenceAdress,
			i.address
		FROM
			ctr_user_info i
		LEFT JOIN ctr_role r ON i.roleid = r.roleid
		LEFT JOIN ctr_dept d ON i.deptid = d.deptid
		LEFT JOIN ctr_state s ON i.stateid = s.stateid
		WHERE
			i.id=#{integer}
	</select>
</mapper>
