<?xml version="1.0" encoding="UTF-8" ?>
<!DOCTYPE mapper PUBLIC "-//mybatis.org//DTD Mapper 3.0//EN" "http://mybatis.org/dtd/mybatis-3-mapper.dtd" >
<mapper namespace="com.jschange.ctr.dao.UserInfoDeleteDao">
	<!--
	<select id="deleteSingleUser" statementType="CALLABLE" parameterType="java.util.Map" resultType="java.util.Map">
		<![CDATA[
			{call pro_deleteSingleUser(
			#{uid,mode=IN},
			#{usrid,jdbcType=VARCHAR,mode=OUT}
			)}
			]]>
	</select>
	-->
	<delete id="deleteSingleUser" parameterType="java.lang.String">
		update ctr_user_info set hasdeleted = 1, deletetime = NOW() where id = #{id};
		delete from ctr_palm where id = #{id};
	</delete>
	<!-- 
	<select id="recoverUserInfo" statementType="CALLABLE" parameterType="java.util.Map">
		<![CDATA[
			{call pro_recoverUserInfo(
			#{uid,mode=IN},
			#{depid,jdbcType=INTEGER,mode=IN},
			#{usrid,jdbcType=VARCHAR,mode=OUT},
			#{palm,jdbcType=BLOB,mode=OUT}
			)}
			]]>
	</select>
	-->
	<!-- <select id="recoverUserInfo" parameterType="java.lang.String">
		update ctr_user_info set hasdeleted=0, receiveDeptId=#{deptId}, reviseState=1, where id=#{id};
		insert into ctr_palm select id, metacarpalVein from ctr_user_info where id=#{id} and metacarpalVein is not null;
	</select> -->
	
	<!--
	<select id="rollbackRecover" statementType="CALLABLE" parameterType="java.util.Map">
		<![CDATA[
			{call pro_rollbackRecover(
			#{uid,mode=IN},
			#{depid,mode=IN},
			#{usrid,mode=IN}
			)}
			]]>
	</select>
	-->
	<select id="rollbackRecover" parameterType="java.lang.String">
		update ctr_user_info set hasdeleted=1, reviseState=2 where id=#{id};
    	delete from ctr_palm where id=#{id};
	</select>
	
	<!-- 根据人员id查询人员persionid用于传给富士通接口 -->
	<!-- <select id="getPersionId" parameterType="java.util.Map" resultType="java.lang.String">
	select u.persionid from ctr_user_info u where u.id = #{uid} and u.hasdeleted=0;
	</select> -->
</mapper>