<?xml version="1.0" encoding="UTF-8"?>
<!DOCTYPE mapper PUBLIC "-//mybatis.org//DTD Mapper 3.0//EN" "http://mybatis.org/dtd/mybatis-3-mapper.dtd" >
<mapper namespace="com.jschange.ctr.dao.VenaDigitalisMapper" >
	<!-- 根据设备编号查询设备信息 -->
	<select id="selectDriviceInfoById" parameterType="Integer" resultType="com.jschange.ctr.model.FingerDrivice">
		SELECT
			ID,
			CreateDate,
			CreateID,
			ModifyDate,
			ModifyID,
			IsDeleted,
			DriviceName,
			DriviceNo,
			ServiceID,
			WiFiID,
			Status,
			DriviceState,
			MemoInfo,
			DriviceID,
			OwnerID,
			AreaID,
			DriviceType,
			WorkingStation,
			CollectedNum
		FROM
			ctr_fingerdrivice
		WHERE
			IsDeleted=0 
		AND
			ID=#{mesID}
	</select>
	
	<!-- 查询所有设备信息 -->
	<select id="queryDriviceInfo"  parameterType="Integer" resultType="com.jschange.ctr.model.FingerDrivice">
		SELECT
			ID,
			CreateDate,
			CreateID,
			ModifyDate,
			ModifyID,
			IsDeleted,
			DriviceName,
			DriviceNo,
			ServiceID,
			WiFiID,
			Status,
			DriviceState,
			MemoInfo,
			DriviceID,
			OwnerID,
			AreaID,
			DriviceType,
			WorkingStation,
			CollectedNum    
		FROM
			ctr_fingerdrivice
		WHERE
			IsDeleted=0
		AND	
			Status=0
		AND 
			DriviceState =0
		AND
			AreaID=#{areaID}
	</select>
	
	<!-- 根据设备指纹编码查询设备信息 -->
	<select id="selectDriviceInfoByFingerCode" parameterType="String" resultType="com.jschange.ctr.model.FingerDrivice">
		SELECT
			ID,
			CreateDate,
			CreateID,
			ModifyDate,
			ModifyID,
			IsDeleted,
			DriviceName,
			DriviceNo,
			ServiceID,
			WiFiID,
			Status,
			DriviceState,
			MemoInfo,
			DriviceID,
			OwnerID,
			AreaID,
			DriviceType,
			WorkingStation,
			CollectedNum      
		FROM
			ctr_fingerdrivice
		WHERE
			IsDeleted=0 
		AND
			DriviceNo=#{fingerCode}
	</select>
	
	<!-- 如果设备指纹编码不存在，插入新设备编码信息 -->
	<insert id="insertVenaInfo" parameterType="String">
		INSERT INTO ctr_fingerdrivice(CreateDate,CreateID,IsDeleted,DriviceName,DriviceNO,Status,DriviceState) 
		values(NOW(),1,0,'New Drivice',#{fingerCode},0,0)	
	</insert>
	
	<!-- 设备登录或者离线的时候，改变设备状态 -->
	<update id="updateDriviceState" parameterType="String">
  		UPDATE ctr_fingerdrivice
		SET Status = 1
		WHERE
			isDeleted=0 and
			DriviceNo = #{fingerCode}
  	</update>

  	<update id="updateDriviceStatus" parameterType="String">
  		UPDATE ctr_fingerdrivice
		SET Status = 0
		WHERE
			isDeleted=0 and
			DriviceNo = #{fingerCode}
  	</update>
  	
  	<!-- 采集完成，保存指静脉信息 -->
  	 <insert id="insertFingerInfo" parameterType="Map">
	INSERT INTO ctr_venafinger (CreateDate,UserID,DriviceID,UserFinger) 
	VALUES (NOW(),#{userID},#{mesID},#{finger})
   </insert>
   
   <!-- 根据用户ID,查询采集时对应的设备ID -->
   <select id="queryDriviceID" parameterType="Integer" resultType="Integer">
   SELECT
   		fingerDeviceid
   FROM
   		ctr_user_info
   WHERE
   		id=#{id}
   </select>
   
   <!-- 根据设备中读取的人员ID,查询人员相应信息 -->
   <select id="queryUserInfo" parameterType="Integer" resultType="com.jschange.ctr.model.UserInfo">
	SELECT
		   	id,
		userid,
		userName,
		gender,
		birthday,
		roleid,
		deptid,
		isBalckList,
		createtime,
		deletetime,
		modifytime,
		hasdeleted,
		hasMetacarpalVein,
		metacarpalVein,
		hasDigitalVein,
		digitalVein,
		photoUrl,
		oldDept,
		stateid,
		reviseState,
		reviseTime,
		receiveTime,
		receiveDeptId,
		note,
		areaid,
		dormitoryNum,
		bedNum,
		placeOrigin,
		nationalities,
		isMarried,
		hasChild,
		politicalStatus,
		cardType,
		cardNum,
		beginEffectiveDate,
		endEffectiveDate,
		contact,
		contactNum,
		residenceAdress,
		address,
		<!-- persionid, -->
		fingerDeviceid
	FROM
		ctr_user_info
	WHERE
		id=#{keyId}
	AND
		hasdeleted=0
   </select>
   
   <!-- 向点名表插入人员信息 -->
   <insert id="insertRecord" parameterType="Map">
   	INSERT INTO ctr_access_record (userid,userName,recordtime,deptid,stateid,eventid,deviceid,deviceType) 
	VALUES (#{id},#{userName},NOW(),#{deptid},0,0,#{deviceid},1)
   </insert>
   
   <!-- 向人员表插入指静脉信息 -->
    <update id="insertFingerInfoForUserInfo" parameterType="Map">
		UPDATE ctr_user_info
		SET digitalVein = #{finger},
			hasDigitalVein = 1,
			fingerDeviceid = #{mesID}
		WHERE
			hasdeleted= 0
			AND
			id = #{userID}
   </update>
   
   <!-- 根据部门名称，查询部门ID -->
   <select id="queryDeptID" parameterType="String" resultType="Integer">
   	SELECT
   		deptid
   	FROM
   		ctr_dept
   	WHERE
   		deptName=#{deptName}
   </select>
</mapper>