<?xml version="1.0" encoding="UTF-8" ?>
<!DOCTYPE mapper PUBLIC "-//mybatis.org//DTD Mapper 3.0//EN" "http://mybatis.org/dtd/mybatis-3-mapper.dtd" >
<mapper namespace="com.jschange.ctr.dao.WifiDao" >
	<select id="queryWifiListCount" parameterType="java.util.Map" resultType="int">
		select count(1) from ctr_wifi
		where isdeleted=0
			<if test="wifiName!=null and wifiName!=''">
				and wifiName like concat('%',#{wifiName},'%')
			</if>
			<if test="status !=null">
				and status = #{status}
			</if>
		
	</select>
	<select id="queryWifiListByPage"  parameterType="java.util.Map" resultType="com.jschange.ctr.model.WiFiDriviceModel">
		SELECT
			ID,
			CreateDate,
			CreateID,
			ModifyDate,
			ModifyID,
			IsDeleted,
			WiFiNo,
			WiFiName,
			WiFiPassWord,
			STATUS,
			MemoInfo
		FROM
			ctr_wifi
		where isdeleted=0
			<if test="wifiName!=null and wifiName!=''">
				and wifiName like concat('%',#{wifiName},'%')
			</if>

			<if test="status !=null">
				and status = #{status}
			</if>
		
		limit #{page},#{rows}
	</select>
	<insert id="insertWifi" parameterType="com.jschange.ctr.model.WiFiDriviceModel">
		INSERT INTO `ctr`.`ctr_wifi` (
	`CreateDate`,
	`CreateID`,
	`ModifyDate`,
	`ModifyID`,
	`IsDeleted`,
	`WiFiNo`,
	`WiFiName`,
	`WiFiPassWord`,
	`Status`,
	`MemoInfo`
)
VALUES
	(
		sysdate(),
		#{createId},
		sysdate(),
		#{createId},
		0,
		0,
		#{wifiName},
		#{wifiPassWord},
		#{status},
		#{memoInfo}
	)
	</insert>
	<update id="updateWifi" parameterType="com.jschange.ctr.model.WiFiDriviceModel">
		UPDATE `ctr_wifi`
			SET
			 `ModifyDate` = SYSDATE(),
			 `ModifyID` = #{modifyId},
			 `WiFiName` = #{wifiName},
			 `WiFiPassWord` = #{wifiPassWord},
			 `Status` = #{status},
			 `MemoInfo` = #{memoInfo}
			WHERE
				`ID` = #{id};
	</update>
	<update id="deleteWifi" parameterType="java.util.Map" >
		UPDATE `ctr_wifi`
			SET
			`IsDeleted` = 1
		<where>
		id in
			<foreach collection="id" index="index" item="item" open="(" separator="," close=")">
				#{item}
			</foreach>
		</where>
	</update>
	
	<!-- 根据WiFi主键id获取WiFi信息 -->
	<select id="getWiFiInfoByID" parameterType="Integer" resultType="com.jschange.ctr.model.WiFiDriviceModel">
		SELECT
			ID,
			CreateDate,
			CreateID,
			ModifyDate,
			ModifyID,
			IsDeleted,
			WiFiNo,
			WiFiName,
			WiFiPassWord,
			Status,
			MemoInfo

		FROM
			ctr_wifi
		where
			IsDeleted = 0
		AND ID = #{id}
	</select>
</mapper>