<?xml version="1.0" encoding="UTF-8"?>
<beans xmlns="http://www.springframework.org/schema/beans"
       xmlns:xsi="http://www.w3.org/2001/XMLSchema-instance"
       xmlns:context="http://www.springframework.org/schema/context"
       xmlns:mvc="http://www.springframework.org/schema/mvc"
       xsi:schemaLocation="http://www.springframework.org/schema/beans http://www.springframework.org/schema/beans/spring-beans.xsd
    http://www.springframework.org/schema/context http://www.springframework.org/schema/context/spring-context-4.1.xsd
    http://www.springframework.org/schema/mvc http://www.springframework.org/schema/mvc/spring-mvc.xsd">

	<mvc:annotation-driven />
	
<mvc:default-servlet-handler /> 
<bean class="org.springframework.web.servlet.view.InternalResourceViewResolver">
	<property name="viewClass" value="org.springframework.web.servlet.view.JstlView"/>
</bean>
<!-- 	<mvc:interceptors>
		<mvc:interceptor>
			<mvc:mapping path="/**"/>
			<mvc:exclude-mapping path="/*.css"/>
			<mvc:exclude-mapping path="/*.js"/>
			<bean class="com.mc.myjava.interceptor.SpringMVCInterceptor"/>
		</mvc:interceptor>
	</mvc:interceptors> -->
	<context:component-scan base-package=" com.jschange.ctr.controller"/>

	<bean id="multipartResolver"  class="org.springframework.web.multipart.commons.CommonsMultipartResolver"/>
	
</beans>